timestamp,pids,cpu_delta_s,mem_mb,errors_delta,errors_total,trades_delta,trades_total,restarts_total,log_bytes
2025-12-29T11:27:37.7479860+05:00,,0,0,13,13,6,6,4,317095
2025-12-29T11:27:48.0363180+05:00,,0,0,0,13,0,6,4,317095
2025-12-29T11:27:58.1420048+05:00,,0,0,0,13,0,6,4,317095
2025-12-29T11:35:36.8920411+05:00,,0,87.02,13,13,6,6,4,321086
2025-12-29T11:35:47.1042416+05:00,,0.188,87.48,0,13,0,6,4,321704
2025-12-29T11:35:57.2014991+05:00,,0.016,87.48,0,13,0,6,4,321704
2025-12-29T11:36:07.3185655+05:00,,0.266,88.14,0,13,0,6,4,322169
2025-12-29T11:36:17.4010130+05:00,,0.344,88.25,0,13,0,6,4,322634
2025-12-29T11:36:27.4843256+05:00,,0,88.25,0,13,0,6,4,322634
2025-12-29T11:36:37.5925064+05:00,,0.562,87.53,0,13,0,6,4,323099
2025-12-29T11:36:47.6784690+05:00,,0.609,88.45,0,13,0,6,4,323564
2025-12-29T11:36:57.7739636+05:00,,0,0,0,13,0,6,4,323564
2025-12-29T11:37:07.8597204+05:00,,0,0,0,13,0,6,4,323564
2025-12-29T11:37:17.9387372+05:00,,0,0,0,13,0,6,4,323564
2025-12-29T11:37:28.0281011+05:00,,0,0,0,13,0,6,4,323564
2025-12-29T11:37:38.1019950+05:00,,0,0,0,13,0,6,4,323564
2025-12-29T11:37:48.1912841+05:00,,0,0,0,13,0,6,4,323564
2025-12-29T11:37:58.2784273+05:00,,0,0,0,13,0,6,4,323564
2025-12-29T11:38:08.3600179+05:00,,0,0,0,13,0,6,4,323564
2025-12-29T11:38:18.4403699+05:00,,0,0,0,13,0,6,4,323564
2025-12-29T11:38:28.5186105+05:00,,0,0,0,13,0,6,4,323564
2025-12-29T11:38:38.5851878+05:00,,0,0,0,13,0,6,4,323564
2025-12-29T11:38:48.6600608+05:00,,0,0,0,13,0,6,4,323564
2025-12-29T11:38:58.7395755+05:00,,0,0,0,13,0,6,4,323564
2025-12-29T11:39:08.8252595+05:00,,0,0,0,13,0,6,4,323564
2025-12-29T11:39:18.8941173+05:00,,0,0,0,13,0,6,4,323564
2025-12-29T11:39:28.9991695+05:00,,0,0,0,13,0,6,4,323564
2025-12-29T11:39:39.0900476+05:00,,0,0,0,13,0,6,4,323564
2025-12-29T11:39:49.1906280+05:00,,0,0,0,13,0,6,4,323564
2025-12-29T11:39:59.2650475+05:00,,0,0,0,13,0,6,4,323564
2025-12-29T11:40:09.3522769+05:00,,0,0,0,13,0,6,4,323564
2025-12-29T11:40:19.4377884+05:00,,0,0,0,13,0,6,4,323564
2025-12-29T11:40:29.5182042+05:00,,0,0,0,13,0,6,4,323564
2025-12-29T11:40:39.5988143+05:00,,0,0,0,13,0,6,4,323564
2025-12-29T11:40:49.6836603+05:00,,0,0,0,13,0,6,4,323564
2025-12-29T11:40:59.7605235+05:00,,0,0,0,13,0,6,4,323564
2025-12-29T11:41:09.8378824+05:00,,0,0,0,13,0,6,4,323564
2025-12-29T11:41:19.9112561+05:00,,0,0,0,13,0,6,4,323564
2025-12-29T11:41:29.9866731+05:00,,0,0,0,13,0,6,4,323564
2025-12-29T11:41:40.0574459+05:00,,0,0,0,13,0,6,4,323564
2025-12-29T11:41:50.1394974+05:00,,0,0,0,13,0,6,4,323564
2025-12-29T11:42:00.2372410+05:00,,0,0,0,13,0,6,4,323564
2025-12-29T11:42:10.3145530+05:00,,0,0,0,13,0,6,4,323564
2025-12-29T11:42:20.3909960+05:00,,0,0,0,13,0,6,4,323564
2025-12-29T11:42:30.4702322+05:00,,0,0,0,13,0,6,4,323564
2025-12-29T11:42:40.5412523+05:00,,0,0,0,13,0,6,4,323564
2025-12-29T11:42:50.6186665+05:00,,0,0,0,13,0,6,4,323564
2025-12-29T11:43:00.6959531+05:00,,0,0,0,13,0,6,4,323564
2025-12-29T11:43:10.7758311+05:00,,0,0,0,13,0,6,4,323564
2025-12-29T11:43:20.8486056+05:00,,0,0,0,13,0,6,4,323564
2025-12-29T11:43:30.9170887+05:00,,0,0,0,13,0,6,4,323564
2025-12-29T11:43:40.9894960+05:00,,0,0,0,13,0,6,4,323564
2025-12-29T11:43:51.0816732+05:00,,0,0,0,13,0,6,4,323564
2025-12-29T11:44:01.1601282+05:00,,0,0,0,13,0,6,4,323564
2025-12-29T11:44:11.2293498+05:00,,0,0,0,13,0,6,4,323564
2025-12-29T11:44:21.3071933+05:00,,0,0,0,13,0,6,4,323564
2025-12-29T11:44:31.3842884+05:00,,0,0,0,13,0,6,4,323564
2025-12-29T11:44:41.4795922+05:00,,0,0,0,13,0,6,4,323564
2025-12-29T11:44:51.5465000+05:00,,0,0,0,13,0,6,4,323564
2025-12-29T11:45:01.6232130+05:00,,0,0,0,13,0,6,4,323564
2025-12-29T11:45:11.6949435+05:00,,0,0,0,13,0,6,4,323564
2025-12-29T11:45:21.7703765+05:00,,0,0,0,13,0,6,4,323564
2025-12-29T11:45:31.8488972+05:00,,0,0,0,13,0,6,4,323564
2025-12-29T11:45:41.9602028+05:00,,0,0,0,13,0,6,4,323564
2025-12-29T11:45:52.0561622+05:00,,0,0,0,13,0,6,4,323564
2025-12-29T11:46:02.1398998+05:00,,0,0,0,13,0,6,4,323564
2025-12-29T11:46:12.2338232+05:00,,0,0,0,13,0,6,4,323564
2025-12-29T11:46:22.3166832+05:00,,0,0,0,13,0,6,4,323564
2025-12-29T11:46:32.3993840+05:00,,0,0,0,13,0,6,4,323564
2025-12-29T11:46:42.4806462+05:00,,0,0,0,13,0,6,4,323564
2025-12-29T11:46:52.5504025+05:00,,0,0,0,13,0,6,4,323564
2025-12-29T11:47:02.6367003+05:00,,0,0,0,13,0,6,4,323564
2025-12-29T11:47:12.7269865+05:00,,0,0,0,13,0,6,4,323564
2025-12-29T11:47:22.8175599+05:00,,0,0,0,13,0,6,4,323564
2025-12-29T11:47:32.9172201+05:00,,0,0,0,13,0,6,4,323564
2025-12-29T11:47:43.0120853+05:00,,0,0,0,13,0,6,4,323564
2025-12-29T11:47:53.1122972+05:00,,0,0,0,13,0,6,4,323564
2025-12-29T11:48:03.1877262+05:00,,0,0,0,13,0,6,4,323564
2025-12-29T11:48:13.2607696+05:00,,0,0,0,13,0,6,4,323564
2025-12-29T11:48:23.3447617+05:00,,0,0,0,13,0,6,4,323564
2025-12-29T11:48:33.4442976+05:00,,0,0,0,13,0,6,4,323564
2025-12-29T11:48:43.5227309+05:00,,0,0,0,13,0,6,4,323564
2025-12-29T11:48:53.5886272+05:00,,0,0,0,13,0,6,4,323564
2025-12-29T11:49:03.6648296+05:00,,0,0,0,13,0,6,4,323564
2025-12-29T11:49:13.7510636+05:00,,0,0,0,13,0,6,4,323564
2025-12-29T11:49:23.8555099+05:00,,0,0,0,13,0,6,4,323564
2025-12-29T11:49:33.9352569+05:00,,0,0,0,13,0,6,4,323564
2025-12-29T11:49:44.0046742+05:00,,0,0,0,13,0,6,4,323564
2025-12-29T11:49:54.1021291+05:00,,0,0,0,13,0,6,4,323564
2025-12-29T11:50:04.1967435+05:00,,0,0,0,13,0,6,4,323564
2025-12-29T11:50:14.2916128+05:00,,0,0,0,13,0,6,4,323564
2025-12-29T11:50:24.3737051+05:00,,0,0,0,13,0,6,4,323564
2025-12-29T11:50:34.4467985+05:00,,0,0,0,13,0,6,4,323564
2025-12-29T11:50:44.5212572+05:00,,0,0,0,13,0,6,4,323564
2025-12-29T11:50:54.6053882+05:00,,0,0,0,13,0,6,4,323564
2025-12-29T11:51:04.6831003+05:00,,0,0,0,13,0,6,4,323564
2025-12-29T11:51:14.7725504+05:00,,0,0,0,13,0,6,4,323564
2025-12-29T11:51:24.8396164+05:00,,0,0,0,13,0,6,4,323564
2025-12-29T11:51:34.9131984+05:00,,0,0,0,13,0,6,4,323564
2025-12-29T11:51:44.9902954+05:00,,0,0,0,13,0,6,4,323564
2025-12-29T11:51:55.0696336+05:00,,0,0,0,13,0,6,4,323564
2025-12-29T11:52:05.1519180+05:00,,0,0,0,13,0,6,4,323564
2025-12-29T11:52:15.2256394+05:00,,0,0,0,13,0,6,4,323564
2025-12-29T11:52:25.3012210+05:00,,0,0,0,13,0,6,4,323564
2025-12-29T11:52:35.3772382+05:00,,0,0,0,13,0,6,4,323564
2025-12-29T11:52:45.4563811+05:00,,0,0,0,13,0,6,4,323564
2025-12-29T11:52:55.5408950+05:00,,0,0,0,13,0,6,4,323564
2025-12-29T11:53:05.6459883+05:00,,0,0,0,13,0,6,4,323564
2025-12-29T11:53:15.7275830+05:00,,0,0,0,13,0,6,4,323564
2025-12-29T11:53:25.7973795+05:00,,0,0,0,13,0,6,4,323564
2025-12-29T11:53:35.8789255+05:00,,0,0,0,13,0,6,4,323564
2025-12-29T11:53:45.9596647+05:00,,0,0,0,13,0,6,4,323564
2025-12-29T11:53:56.0359388+05:00,,0,0,0,13,0,6,4,323564
2025-12-29T11:54:06.1143012+05:00,,0,0,0,13,0,6,4,323564
2025-12-29T11:54:16.1848991+05:00,,0,0,0,13,0,6,4,323564
2025-12-29T11:54:26.2554566+05:00,,0,0,0,13,0,6,4,323564
2025-12-29T11:54:36.3325077+05:00,,0,0,0,13,0,6,4,323564
2025-12-29T11:54:46.4170466+05:00,,0,0,0,13,0,6,4,323564
2025-12-29T11:54:56.4827863+05:00,,0,0,0,13,0,6,4,323564
2025-12-29T11:55:06.5476832+05:00,,0,0,0,13,0,6,4,323564
2025-12-29T11:55:16.6273198+05:00,,0,0,0,13,0,6,4,323564
2025-12-29T11:55:26.6941822+05:00,,0,0,0,13,0,6,4,323564
2025-12-29T11:55:36.7731171+05:00,,0,0,0,13,0,6,4,323564
2025-12-29T11:55:46.8481096+05:00,,0,0,0,13,0,6,4,323564
2025-12-29T11:55:56.9295955+05:00,,0,0,0,13,0,6,4,323564
2025-12-29T11:56:06.9959872+05:00,,0,0,0,13,0,6,4,323564
2025-12-29T11:56:17.0786880+05:00,,0,0,0,13,0,6,4,323564
2025-12-29T11:56:27.1509996+05:00,,0,0,0,13,0,6,4,323564
2025-12-29T11:56:37.2223576+05:00,,0,0,0,13,0,6,4,323564
2025-12-29T11:56:47.3340769+05:00,,0,0,0,13,0,6,4,323564
2025-12-29T11:56:57.4239623+05:00,,0,0,0,13,0,6,4,323564
2025-12-29T11:57:07.5149321+05:00,,0,0,0,13,0,6,4,323564
2025-12-29T11:57:17.5932582+05:00,,0,0,0,13,0,6,4,323564
2025-12-29T11:57:27.6817084+05:00,,0,0,0,13,0,6,4,323564
2025-12-29T11:57:37.7664961+05:00,,0,0,0,13,0,6,4,323564
2025-12-29T11:57:47.8579484+05:00,,0,0,0,13,0,6,4,323564
2025-12-29T11:57:57.9421770+05:00,,0,0,0,13,0,6,4,323564
2025-12-29T11:58:08.0515651+05:00,,0,0,0,13,0,6,4,323564
2025-12-29T11:58:18.1399516+05:00,,0,0,0,13,0,6,4,323564
2025-12-29T11:58:28.2479804+05:00,,0,0,0,13,0,6,4,323564
2025-12-29T11:58:38.3295423+05:00,,0,0,0,13,0,6,4,323564
2025-12-29T11:58:48.4253184+05:00,,0,0,0,13,0,6,4,323564
2025-12-29T11:58:58.5285369+05:00,,0,0,0,13,0,6,4,323564
2025-12-29T11:59:08.6260358+05:00,,0,0,0,13,0,6,4,323564
2025-12-29T11:59:18.7141840+05:00,,0,0,0,13,0,6,4,323564
2025-12-29T11:59:28.7822765+05:00,,0,0,0,13,0,6,4,323564
2025-12-29T11:59:38.8594639+05:00,,0,0,0,13,0,6,4,323564
2025-12-29T11:59:48.9555149+05:00,,0,0,0,13,9,15,4,325061
2025-12-29T11:59:59.0432665+05:00,,0,0,0,13,12,27,4,327060
2025-12-29T12:00:09.1399295+05:00,,0,0,0,13,0,27,4,327060
2025-12-29T12:00:19.2242482+05:00,,0,0,0,13,0,27,4,327060
2025-12-29T12:00:29.3364329+05:00,,0,0,0,13,9,36,4,328553
2025-12-29T12:00:39.4195723+05:00,,0,0,0,13,15,51,4,331044
2025-12-29T12:00:49.5171738+05:00,,0,0,0,13,15,66,4,333536
2025-12-29T12:00:59.6387567+05:00,,0,0,0,13,15,81,4,336036
2025-12-29T12:01:09.7245357+05:00,,0,0,0,13,12,93,4,338022
2025-12-29T12:01:19.8071514+05:00,,0,0,0,13,15,108,4,340515
2025-12-29T12:01:29.8890270+05:00,,0,0,0,13,15,123,4,342995
2025-12-29T12:01:39.9646580+05:00,,0,0,0,13,15,138,4,345495
2025-12-29T12:01:50.0492027+05:00,,0,0,0,13,15,153,4,347980
2025-12-29T12:02:00.1601707+05:00,,0,0,0,13,12,165,4,349964
2025-12-29T12:02:10.2356911+05:00,,0,0,0,13,15,180,4,352461
2025-12-29T12:02:20.3267952+05:00,,0,0,0,13,15,195,4,354957
2025-12-29T12:02:30.4108001+05:00,,0,0,0,13,15,210,4,357451
2025-12-29T12:02:40.5044522+05:00,,0,0,0,13,15,225,4,359947
2025-12-29T12:02:50.6239099+05:00,,0,0,0,13,12,237,4,361944
2025-12-29T12:03:00.7026724+05:00,,0,0,0,13,15,252,4,364438
2025-12-29T12:03:10.7943791+05:00,,0,0,0,13,15,267,4,366929
2025-12-29T12:03:20.8769467+05:00,,0,0,0,13,15,282,4,369410
2025-12-29T12:03:30.9688413+05:00,,0,0,0,13,15,297,4,371903
2025-12-29T12:03:41.0451967+05:00,,0,0,0,13,15,312,4,374396
2025-12-29T12:03:51.1273315+05:00,,0,0,0,13,12,324,4,376389
2025-12-29T12:04:01.1915511+05:00,,0,0,0,13,3,327,4,376888
2025-12-29T12:04:11.2773663+05:00,,0,0,0,13,0,327,4,376888
2025-12-29T12:04:21.3520024+05:00,,0,0,0,13,12,339,4,378885
2025-12-29T12:04:31.4346351+05:00,,0,0,0,13,15,354,4,381378
2025-12-29T12:04:41.5437710+05:00,,0,0,0,13,15,369,4,383866
2025-12-29T12:04:51.6252824+05:00,,0,0,0,13,15,384,4,386358
2025-12-29T12:05:01.7090034+05:00,,0,0,0,13,12,396,4,388345
2025-12-29T12:05:11.7900642+05:00,,0,0,0,13,15,411,4,390835
2025-12-29T12:05:21.8751017+05:00,,0,0,0,13,15,426,4,393331
2025-12-29T12:05:31.9728891+05:00,,0,0,0,13,15,441,4,395819
2025-12-29T12:05:42.0751588+05:00,,0,0,0,13,15,456,4,398316
2025-12-29T12:05:52.1642041+05:00,,0,0,0,13,12,468,4,400313
2025-12-29T12:06:02.2442950+05:00,,0,0,0,13,15,483,4,402810
2025-12-29T12:06:12.3414840+05:00,,0,0,0,13,15,498,4,405290
2025-12-29T12:06:22.4254599+05:00,,0,0,0,13,15,513,4,407778
2025-12-29T12:06:32.4996604+05:00,,0,0,0,13,15,528,4,410269
2025-12-29T12:06:42.5946644+05:00,,0,0,0,13,15,543,4,412756
2025-12-29T12:06:52.6829104+05:00,,0,0,0,13,12,555,4,414743
2025-12-29T12:07:02.7646054+05:00,,0,0,0,13,15,570,4,417240
2025-12-29T12:07:12.8453498+05:00,,0,0,0,13,15,585,4,419733
2025-12-29T12:07:22.9209389+05:00,,0,0,0,13,15,600,4,422214
2025-12-29T12:07:32.9857420+05:00,,0,0,0,13,15,615,4,424711
2025-12-29T12:07:43.0597083+05:00,,0,0,0,13,12,627,4,426705
2025-12-29T12:07:53.1463287+05:00,,0,0,0,13,0,627,4,426705
2025-12-29T12:08:03.2272638+05:00,,0,0,0,13,0,627,4,426705
2025-12-29T12:08:13.3057979+05:00,,0,0,0,13,15,642,4,429190
2025-12-29T12:08:23.3916506+05:00,,0,0,0,13,15,657,4,431686
2025-12-29T12:08:33.4793594+05:00,,0,0,0,13,15,672,4,434175
2025-12-29T12:08:43.5540098+05:00,,0,0,0,13,15,687,4,436672
2025-12-29T12:08:53.6424581+05:00,,0,0,0,13,12,699,4,438663
2025-12-29T12:09:03.7175295+05:00,,0,0,0,13,15,714,4,441165
2025-12-29T12:09:13.8002146+05:00,,0,0,0,13,15,729,4,443650
2025-12-29T12:09:23.8843274+05:00,,0,0,0,13,15,744,4,446141
2025-12-29T12:09:33.9618012+05:00,,0,0,0,13,15,759,4,448637
2025-12-29T12:09:44.0359761+05:00,,0,0,0,13,15,774,4,451127
2025-12-29T12:09:54.1376774+05:00,,0,0,0,13,12,786,4,453121
2025-12-29T12:10:04.2235793+05:00,,0,0,0,13,15,801,4,455610
2025-12-29T12:10:14.3167917+05:00,,0,0,0,13,15,816,4,458098
2025-12-29T12:10:24.4022959+05:00,,0,0,0,13,15,831,4,460581
2025-12-29T12:10:34.4785450+05:00,,0,0,0,13,15,846,4,463072
2025-12-29T12:10:44.5759696+05:00,,0,0,0,13,12,858,4,465066
2025-12-29T12:10:54.6596008+05:00,,0,0,0,13,15,873,4,467557
2025-12-29T12:11:04.7497078+05:00,,0,0,0,13,15,888,4,470042
2025-12-29T12:11:14.9499458+05:00,,0,0,0,13,15,903,4,472531
2025-12-29T12:11:25.0466639+05:00,,0,0,0,13,15,918,4,475020
2025-12-29T12:11:35.1446320+05:00,,0,0,0,13,9,927,4,476513
2025-12-29T12:11:45.2435666+05:00,,0,0,0,13,0,927,4,476513
2025-12-29T12:11:55.3266963+05:00,,0,0,0,13,6,933,4,477510
2025-12-29T12:12:05.4130061+05:00,,0,0,0,13,15,948,4,480001
2025-12-29T12:12:15.5096289+05:00,,0,0,0,13,12,960,4,481994
2025-12-29T12:12:25.6113214+05:00,,0,0,0,13,15,975,4,484489
2025-12-29T12:12:35.7279072+05:00,,0,0,0,13,15,990,4,486976
2025-12-29T12:12:45.8352933+05:00,,0,0,0,13,15,1005,4,489462
2025-12-29T12:12:55.9025718+05:00,,0,0,0,13,15,1020,4,491953
2025-12-29T12:13:05.9937288+05:00,,0,0,0,13,15,1035,4,494440
2025-12-29T12:13:16.0994673+05:00,,0,0,0,13,12,1047,4,496430
2025-12-29T12:13:26.1883642+05:00,,0,0,0,13,15,1062,4,498919
2025-12-29T12:13:36.2702946+05:00,,0,0,0,13,15,1077,4,501410
2025-12-29T12:13:46.3548146+05:00,,0,0,0,13,15,1092,4,503904
2025-12-29T12:13:56.4440408+05:00,,0,0,0,13,15,1107,4,506394
2025-12-29T12:14:06.5281805+05:00,,0,0,0,13,15,1122,4,508884
2025-12-29T12:14:16.6122297+05:00,,0,0,0,13,12,1134,4,510881
2025-12-29T12:14:26.6960712+05:00,,0,0,0,13,15,1149,4,513367
2025-12-29T12:14:36.7883024+05:00,,0,0,0,13,15,1164,4,515856
2025-12-29T12:14:46.8646424+05:00,,0,0,0,13,15,1179,4,518347
2025-12-29T12:14:56.9421370+05:00,,0,0,0,13,15,1194,4,520846
2025-12-29T12:15:07.0336035+05:00,,0,0,0,13,15,1209,4,523342
2025-12-29T12:15:17.1458005+05:00,,0,0,0,13,15,1224,4,525841
2025-12-29T12:15:27.2367433+05:00,,0,0,0,13,3,1227,4,526333
2025-12-29T12:15:37.3281477+05:00,,0,0,0,13,0,1227,4,526333
2025-12-29T12:15:47.4119890+05:00,,0,0,0,13,27,1254,4,530816
2025-12-29T12:15:57.5032731+05:00,,0,0,0,13,24,1278,4,534805
2025-12-29T12:16:07.6051675+05:00,,0,0,0,13,30,1308,4,539793
2025-12-29T12:16:17.6845296+05:00,,0,0,0,13,30,1338,4,544774
2025-12-29T12:16:27.7794821+05:00,,0,0,0,13,30,1368,4,549762
2025-12-29T12:16:37.8830820+05:00,,0,0,0,13,27,1395,4,554244
2025-12-29T12:16:47.9739238+05:00,,0,0,0,13,30,1425,4,559216
2025-12-29T12:16:58.1089612+05:00,,0,0,0,13,27,1452,4,563696
2025-12-29T12:17:08.1979188+05:00,,0,0,0,13,30,1482,4,568663
2025-12-29T12:17:18.3077391+05:00,,0,0,0,13,27,1509,4,573149
2025-12-29T12:17:28.3948369+05:00,,0,0,0,13,30,1539,4,578135
2025-12-29T12:17:38.4905744+05:00,,0,0,0,13,27,1566,4,582623
2025-12-29T12:17:48.5769403+05:00,,0,0,0,13,30,1596,4,587597
2025-12-29T12:17:58.6842459+05:00,,0,0,0,13,27,1623,4,592079
2025-12-29T12:18:08.7739834+05:00,,0,0,0,13,27,1650,4,596558
2025-12-29T12:18:18.8647233+05:00,,0,0,0,13,30,1680,4,601537
2025-12-29T12:18:28.9562266+05:00,,0,0,0,13,30,1710,4,606516
2025-12-29T12:18:39.0416052+05:00,,0,0,0,13,27,1737,4,610996
2025-12-29T12:18:49.1436264+05:00,,0,0,0,13,30,1767,4,615985
2025-12-29T12:18:59.2648896+05:00,,0,0,0,13,30,1797,4,620973
2025-12-29T12:19:09.3609745+05:00,,0,0,0,13,24,1821,4,624966
2025-12-29T12:19:19.4438127+05:00,,0,0,0,13,15,1836,4,627460
2025-12-29T12:19:29.5281124+05:00,,0,0,0,13,18,1854,4,630452
2025-12-29T12:19:39.6112853+05:00,,0,0,0,13,27,1881,4,634940
2025-12-29T12:19:49.6994330+05:00,,0,0,0,13,27,1908,4,639428
2025-12-29T12:19:59.7907266+05:00,,0,0,0,13,30,1938,4,644417
2025-12-29T12:20:09.8688753+05:00,,0,0,0,13,27,1965,4,648902
2025-12-29T12:20:19.9619128+05:00,,0,0,0,13,27,1992,4,653397
2025-12-29T12:20:30.0624039+05:00,,0,0,0,13,27,2019,4,657884
2025-12-29T12:20:40.1528388+05:00,,0,0,0,13,30,2049,4,662867
2025-12-29T12:20:50.2352098+05:00,,0,0,0,13,30,2079,4,667859
2025-12-29T12:21:00.3285273+05:00,,0,0,0,13,27,2106,4,672330
2025-12-29T12:21:10.4244448+05:00,,0,0,0,13,30,2136,4,677321
2025-12-29T12:21:20.5077699+05:00,,0,0,0,13,30,2166,4,682316
2025-12-29T12:21:30.5920209+05:00,,0,0,0,13,24,2190,4,686300
2025-12-29T12:21:40.6812072+05:00,,0,0,0,13,27,2217,4,690787
2025-12-29T12:21:50.7741469+05:00,,0,0,0,13,30,2247,4,695777
2025-12-29T12:22:00.8597623+05:00,,0,0,0,13,30,2277,4,700751
2025-12-29T12:22:10.9548932+05:00,,0,0,0,13,27,2304,4,705242
2025-12-29T12:22:21.0454301+05:00,,0,0,0,13,30,2334,4,710212
2025-12-29T12:22:31.1388483+05:00,,0,0,0,13,27,2361,4,714699
2025-12-29T12:22:41.2527255+05:00,,0,0,0,13,27,2388,4,719178
2025-12-29T12:22:51.3453244+05:00,,0,0,0,13,21,2409,4,722671
2025-12-29T12:23:01.4273196+05:00,,0,0,0,13,9,2418,4,724167
2025-12-29T12:23:11.5181368+05:00,,0,0,0,13,0,2418,4,724167
2025-12-29T12:23:21.6250482+05:00,,0,0,0,13,6,2424,4,725164
2025-12-29T12:23:31.7181120+05:00,,0,0,0,13,15,2439,4,727661
2025-12-29T12:23:41.8383969+05:00,,0,0,0,13,15,2454,4,730149
2025-12-29T12:23:51.9283751+05:00,,0,0,0,13,15,2469,4,732647
2025-12-29T12:24:02.0163079+05:00,,0,0,0,13,12,2481,4,734641
2025-12-29T12:24:05.9355280+05:00,8692,0,0,0,13,0,2487,0,0,0,,735638
2025-12-29T12:24:12.1155910+05:00,,0,0,0,13,15,2496,4,737135
2025-12-29T13:02:06.0117443+05:00,restart,ultra_aggressive,BTCUSD#
2025-12-29T13:19:20.4408300+05:00,,0,0,13,13,2523,2523,0,741617
2025-12-29T13:19:30.6582640+05:00,,0,0,0,13,15,2538,0,744114
2025-12-29T13:19:40.8137661+05:00,,0,0,0,13,12,2550,0,746108
2025-12-29T13:19:50.9760857+05:00,,0,0,0,13,15,2565,0,748601
2025-12-29T13:20:01.0968407+05:00,,0,0,0,13,15,2580,0,751092
2025-12-29T13:20:11.2436045+05:00,,0,0,0,13,15,2595,0,753584
2025-12-29T13:20:21.3529481+05:00,,0,0,0,13,12,2607,0,755577
2025-12-29T13:22:48.9951185+05:00,session_start,ultra_aggressive,BTCUSD#,PID=12900 Live mode MT5 connected
2025-12-29T13:22:58.9874543+05:00,12900,0,85.89,13,13,2619,2619,0,762678
2025-12-29T13:23:29.2715915+05:00,12900,0.703,84.3,0,13,0,2619,0,763618
2025-12-29T13:23:50.1153252+05:00,config_update,ultra_aggressive,BTCUSD#,Changed to M1 timeframe PID=20532
2025-12-29T13:23:59.4255904+05:00,20532,0,86.41,0,13,0,2619,0,768250
2025-12-29T13:24:29.5382615+05:00,,0,0,0,13,0,2619,0,768720
2025-12-29T13:24:59.6592944+05:00,,0,0,0,13,0,2619,0,768720
2025-12-29T13:25:29.7740740+05:00,,0,0,0,13,0,2619,0,768720
2025-12-29T13:25:59.8808450+05:00,16504,0,86.49,0,13,0,2619,0,773606
2025-12-29T13:26:29.9799479+05:00,16504,0.578,87.31,0,13,0,2619,0,774739
2025-12-29T13:27:00.1004629+05:00,11428,0,85.82,0,13,0,2619,0,779724
2025-12-29T13:27:30.2280806+05:00,11428,0.438,87.08,0,13,0,2619,0,780664
2025-12-29T13:28:00.3295323+05:00,16284,0,86.72,0,13,0,2619,0,786119
2025-12-29T13:28:30.4536495+05:00,16284,0.609,86.3,0,13,0,2619,0,787059
2025-12-29T13:29:00.5712852+05:00,13264,0,85.98,0,13,0,2619,0,791851
2025-12-29T13:29:30.7145303+05:00,13264,0.453,86.19,0,13,0,2619,0,792984
2025-12-29T13:30:00.8374815+05:00,12652,0,91.14,0,13,2,2621,0,798373
2025-12-29T13:30:03.9881903+05:00,rpc_trade_success,ultra_aggressive,BTCUSD#,First RPC trade executed ticket=600994186 price=89796.40
2025-12-29T13:30:30.9432904+05:00,12652,0.703,92.33,0,13,2,2623,0,807013
2025-12-29T13:31:01.0534678+05:00,12652,0.953,93.73,0,13,0,2623,0,809377
2025-12-29T13:31:31.1650641+05:00,12652,1.141,90.24,0,13,0,2623,0,810317
2025-12-29T13:32:01.3002912+05:00,12652,1.578,90.15,0,13,0,2623,0,811419
2025-12-29T13:32:31.4170348+05:00,12652,1.828,91.23,0,13,0,2623,0,812365
2025-12-29T13:33:01.5331802+05:00,12652,2.125,90.39,0,13,0,2623,0,813431
2025-12-29T13:33:31.6415545+05:00,12652,2.453,90.55,0,13,0,2623,0,814377
2025-12-29T13:34:01.7785589+05:00,,0,0,0,13,0,2623,0,815323
2025-12-29T13:34:31.9259769+05:00,,0,0,0,13,0,2623,0,815323
2025-12-29T13:35:02.0556924+05:00,19428,0,89.87,0,13,2,2625,0,820237
2025-12-29T13:35:32.1749340+05:00,19428,0.516,91.91,0,13,2,2627,0,826039
2025-12-29T13:35:58.9404662+05:00,phase1_complete,ultra_aggressive,BTCUSD#,20/20 trades OK - 100% success rate
2025-12-29T13:36:02.3399028+05:00,19428,0.844,92.28,0,13,0,2627,0,829471
2025-12-29T13:36:32.4745720+05:00,19428,1.203,92.57,0,13,0,2627,0,840379
2025-12-29T13:37:02.6062850+05:00,19428,1.766,90.74,0,13,0,2627,0,849151
2025-12-29T13:37:07.7758342+05:00,phase2_complete,ultra_aggressive,BTCUSD#,50/50 trades OK - 100% success rate @ 2/sec
2025-12-29T13:37:32.7229210+05:00,19428,1.953,94.24,0,13,0,2627,0,860580
2025-12-29T13:38:02.8395894+05:00,19428,2.125,90.98,0,13,0,2627,0,872682
2025-12-29T13:38:32.9605123+05:00,19428,2.672,93.66,0,13,0,2627,0,889292
2025-12-29T13:39:03.0690571+05:00,19428,2.703,90.75,0,13,0,2627,0,892018
2025-12-29T13:39:33.1864409+05:00,19428,2.953,90.82,0,13,0,2627,0,892964
2025-12-29T13:40:03.2965133+05:00,19428,3.594,91.11,0,13,0,2627,0,894069
2025-12-29T13:40:33.4041850+05:00,19428,3.594,91.34,0,13,0,2627,0,895015
2025-12-29T08:40:57.036656+00:00,indicator_stress_test,ultra_aggressive,BTCUSD#,tests=12 passed=9 grade=B
2025-12-29T13:41:03.5109202+05:00,19428,4,91.28,0,13,0,2627,0,896081
2025-12-29T13:41:33.6448501+05:00,19428,4.766,91.29,0,13,0,2627,0,897027
2025-12-29T08:41:35.553605+00:00,indicator_stress_test,ultra_aggressive,BTCUSD#,tests=12 passed=9 grade=B
2025-12-29T08:41:56.972377+00:00,indicator_stress_test,ultra_aggressive,BTCUSD#,tests=12 passed=12 grade=A+
2025-12-29T13:42:03.7526779+05:00,19428,5.031,91.32,0,13,0,2627,0,897973
2025-12-29T13:42:33.8686490+05:00,19428,5.156,92.25,0,13,0,2627,0,899172
2025-12-29T13:43:03.9921816+05:00,19428,5.719,91.37,0,13,0,2627,0,900568
2025-12-29T13:43:34.1148348+05:00,19428,5.828,91.48,0,13,0,2627,0,901514
2025-12-29T13:44:04.2279925+05:00,19428,6.016,91.52,0,13,0,2627,0,902580
2025-12-29T13:44:34.3488208+05:00,19428,6.438,91.57,0,13,0,2627,0,903882
2025-12-29T13:45:04.4715245+05:00,,0,0,0,13,9,2636,0,908608
2025-12-29T13:45:17.7690601+05:00,rpc_pipeline_test,ultra_aggressive,BTCUSD#,7/10 trades OK - 70% success rate
2025-12-29T13:45:34.6144013+05:00,,0,0,0,13,0,2636,0,908608
2025-12-29T13:46:04.7342515+05:00,21932,0,86.87,0,13,0,2636,0,913416
2025-12-29T13:46:34.8569740+05:00,21932,0.547,87.58,0,13,0,2636,0,914346
2025-12-29T13:47:04.9838078+05:00,21932,0.859,88.16,0,13,0,2636,0,915276
2025-12-29T13:47:15.6699588+05:00,session_summary,ultra_aggressive,BTCUSD#,Grade A- | Indicators 100% | RPC 70% | 0 errors
2025-12-29T13:47:35.1252536+05:00,21932,1.156,86.04,0,13,0,2636,0,916397
2025-12-29T13:48:05.2572265+05:00,21932,1.484,86.95,0,13,0,2636,0,917489
2025-12-29T13:48:35.3777485+05:00,21932,1.75,86.18,0,13,0,2636,0,918425
2025-12-29T13:49:05.5142728+05:00,21336,0,85.92,0,13,0,2636,0,923351
2025-12-29T13:49:35.6352861+05:00,21336,0.406,87.35,0,13,0,2636,0,924434
2025-12-29T13:50:05.7777869+05:00,20060,0,87.16,0,13,0,2636,0,929516
2025-12-29T13:50:35.9030818+05:00,18388;20060,0.547,175.68,0,13,0,2636,0,935063
2025-12-29T13:51:06.0457062+05:00,20060,0.844,86.31,0,13,0,2636,0,936458
2025-12-29T13:51:36.1721498+05:00,20060,1.234,86.39,0,13,0,2636,0,937388
2025-12-29T13:52:06.3467487+05:00,20060;23012,2.516,174.71,0,13,0,2636,0,942785
2025-12-29T13:52:36.6447213+05:00,20060,3.891,86.39,0,13,0,2636,0,944651
2025-12-29T13:53:06.9737402+05:00,20060,4.453,86.59,0,13,0,2636,0,945702
2025-12-29T13:53:37.2199046+05:00,20060;22132,5.688,175.03,0,13,0,2636,0,951440
2025-12-29T13:54:07.5370258+05:00,20060,5.844,88.71,0,13,0,2636,0,952841
2025-12-29T13:54:37.8087910+05:00,20060,6.734,86.88,0,13,0,2636,0,953936
2025-12-29T13:55:08.0646224+05:00,17768;20060,6.719,175.47,0,13,0,2636,0,959673
2025-12-29T13:55:38.3360169+05:00,20060,8.578,87.33,0,13,0,2636,0,961074
2025-12-29T13:56:08.6237799+05:00,20060;21244,9.391,174.81,0,13,0,2636,0,966277
2025-12-29T13:56:38.9183989+05:00,,0,0,0,13,0,2636,0,967401
2025-12-29T13:57:09.2065614+05:00,15164,0,90.81,0,13,2,2638,0,972598
2025-12-29T13:57:18.3731730+05:00,bugfix_spread_config,critical,BTCUSD#,Fixed schema - trades now executing
2025-12-29T13:57:39.5354380+05:00,15164,1.312,90.72,0,13,2,2640,0,975193
2025-12-29T13:58:05.1624562+05:00,session_complete,A+,BTCUSD#,All systems operational - 100% success rate
2025-12-29T13:58:09.8141528+05:00,15164,1.781,89.87,0,13,0,2640,0,976479
2025-12-29T13:58:40.1117122+05:00,15164,2.188,89.96,0,13,0,2640,0,977409
2025-12-29T13:59:10.3314854+05:00,15164,2.844,90.62,0,13,0,2640,0,978501
2025-12-29T13:59:40.5259530+05:00,15164,3.297,89.94,0,13,0,2640,0,979437
2025-12-29T14:00:10.7554336+05:00,15164,3.984,90.04,0,13,0,2640,0,980488
2025-12-29T14:00:40.9838722+05:00,15164,5.516,90.28,0,13,0,2640,0,981424
2025-12-29T14:01:11.2492475+05:00,15164,5.359,90.4,0,13,0,2640,0,982360
2025-12-29T14:01:41.5037536+05:00,15164,5.875,90.49,0,13,0,2640,0,983455
2025-12-29T14:02:11.7264439+05:00,15164,7.172,90.87,0,13,0,2640,0,984391
2025-12-29T14:02:41.9958990+05:00,15164,9.25,90.97,0,13,0,2640,0,985327
2025-12-29T14:03:12.2397648+05:00,15164,8.375,91.04,0,13,0,2640,0,986378
2025-12-29T14:03:42.4872362+05:00,15164,8.469,90.97,0,13,0,2640,0,987314
2025-12-29T14:04:12.7117236+05:00,15164,8.969,92.93,0,13,0,2640,0,988409
2025-12-29T14:04:42.9600630+05:00,15164,10.203,91.03,0,13,0,2640,0,989345
2025-12-29T14:05:13.2242274+05:00,15164,11.516,91.16,0,13,0,2640,0,990281
2025-12-29T14:05:43.5057091+05:00,15164,11.625,91.17,0,13,0,2640,0,991217
2025-12-29T14:06:13.7351574+05:00,15164,10.953,91.19,0,13,0,2640,0,992499
2025-12-29T14:06:43.9512038+05:00,15164,12.141,93.75,0,13,0,2640,0,993775
2025-12-29T14:07:14.2209547+05:00,15164,12.75,94.93,0,13,0,2640,0,994711
2025-12-29T14:07:44.5237328+05:00,15164,13.641,95.43,0,13,0,2640,0,995647
2025-12-29T14:08:14.7562430+05:00,15164,13.953,94.51,0,13,0,2640,0,996583
2025-12-29T14:08:44.9775718+05:00,15164,14.453,93.88,0,13,0,2640,0,997519
2025-12-29T14:09:15.2341073+05:00,15164,15.281,96.17,0,13,0,2640,0,998729
2025-12-29T14:09:45.4751394+05:00,15164,16.109,94.09,0,13,0,2640,0,999665
2025-12-29T14:10:15.7335530+05:00,15164,19.875,94.65,0,13,0,2640,0,1000601
2025-12-29T14:10:45.9866393+05:00,15164,22.891,93.96,0,13,0,2640,0,1001893
2025-12-29T09:10:57.774714+00:00,indicator_stress_test,ultra_aggressive,BTCUSD#,tests=12 passed=12 grade=A+
2025-12-29T14:11:16.2747160+05:00,15164,20.484,93.28,0,13,0,2640,0,1006745
2025-12-29T14:11:46.5618694+05:00,15164,22.5,94.75,0,13,0,2640,0,1017808
2025-12-29T14:12:16.8815546+05:00,15164,25.328,95.18,0,13,0,2640,0,1022775
2025-12-29T14:12:47.1751519+05:00,15164,24.859,95.45,0,13,0,2640,0,1023711
2025-12-29T14:13:17.4783481+05:00,20336,0,86.77,0,13,0,2640,0,1028328
2025-12-29T14:13:47.7671998+05:00,20336,1.844,93.84,0,13,37,2677,0,1040472
2025-12-29T14:14:18.0624851+05:00,20336,2.281,94.34,0,13,23,2700,0,1048205
2025-12-29T14:14:48.3468661+05:00,20336,3.25,93.75,0,13,38,2738,0,1060580
2025-12-29T14:15:18.6028322+05:00,20336,3.969,94.3,0,13,60,2798,0,1079798
2025-12-29T14:15:48.8557302+05:00,20336,4.562,94.05,0,13,58,2856,0,1098265
2025-12-29T14:16:19.1019928+05:00,20336,4.766,91.63,0,13,44,2900,0,1112575
2025-12-29T14:16:26.943+05:00,phase2_complete,ultra_aggressive,BTCUSD#,burst=80/80 pattern=100/100 total_success=180/180 rate=100%
2025-12-29T14:16:49.3345991+05:00,20336,5.422,92.42,0,13,8,2908,0,1116080
2025-12-29T14:17:19.6043763+05:00,20336,5.844,90.92,0,13,2,2910,0,1117427
2025-12-29T14:17:49.8412357+05:00,20336,7.219,91.11,0,13,0,2910,0,1118524
2025-12-29T14:18:20.0932160+05:00,21428,0,86.03,0,13,0,2910,0,1123375
2025-12-29T14:18:50.3548532+05:00,21428,1.547,92.84,0,13,34,2944,0,1134538
2025-12-29T14:19:16.970+05:00,phase4_complete,ultra_aggressive,BTCUSD#,symbol_fix_applied burst=20/20 uptime_min=1
2025-12-29T14:19:20.6419950+05:00,21428,1.719,89.79,0,13,6,2950,0,1137282
2025-12-29T14:19:50.9132406+05:00,21428,2.531,91.35,0,13,22,2972,0,1144822
2025-12-29T14:20:21.1569056+05:00,21428,3.719,91.07,0,13,59,3031,0,1163776
2025-12-29T14:20:43.655+05:00,cumulative_stats,ultra_aggressive,BTCUSD#,rpc_ok=440 rejected=10 errors=10 uptime_min=2.5
2025-12-29T14:20:51.4285722+05:00,21428,4.312,90.24,0,13,19,3050,0,1170281
2025-12-29T14:21:21.7376255+05:00,21428,4.812,90.93,0,13,18,3068,0,1176761
2025-12-29T14:21:51.9931149+05:00,21428,5.828,91.57,0,13,64,3132,0,1196914
2025-12-29T14:22:22.2769997+05:00,21428,6.328,93.68,0,13,64,3196,0,1217091
2025-12-29T14:22:52.5516540+05:00,21428,7.062,90.84,7,20,47,3243,0,1234189
2025-12-29T14:23:07.365+05:00,phase5_checkpoint,ultra_aggressive,BTCUSD#,total_ok=540 uptime_min=4.9 errors=7 grade=A+
2025-12-29T14:23:22.8248220+05:00,21428,6.938,91.02,0,20,0,3243,0,1235286
2025-12-29T14:23:53.1069546+05:00,21428,7.641,91.61,9,29,9,3252,0,1241455
2025-12-29T14:24:23.4120627+05:00,21428,8.891,91.57,30,59,30,3282,0,1260106
2025-12-29T14:24:53.7003549+05:00,21428,9.859,91.07,11,70,11,3293,0,1267255
2025-12-29T14:25:23.9730213+05:00,21428,10.359,91.59,26,96,26,3319,0,1283309
2025-12-29T14:25:54.2640584+05:00,21428,10.953,91.51,31,127,31,3350,0,1302328
2025-12-29T14:26:24.5664062+05:00,21428,11.422,91.83,30,157,30,3380,0,1320692
2025-12-29T14:26:54.8965334+05:00,21428,13.25,91.39,13,170,13,3393,0,1329147
2025-12-29T14:26:56.698+05:00,stress_test_progress,ultra_aggressive,BTCUSD#,total_ok=690 uptime_min=8.7 system_errors=0 grade=A+
2025-12-29T14:27:25.2006499+05:00,21428,14.344,94.54,11,181,11,3404,0,1336570
2025-12-29T14:27:55.5248132+05:00,21428,15.875,97.04,32,213,32,3436,0,1356047
2025-12-29T14:28:25.9589892+05:00,21428,15.656,92.18,33,246,33,3469,0,1376309
2025-12-29T14:28:56.2171169+05:00,21428,15.219,91.57,24,270,24,3493,0,1391151
2025-12-29T14:29:02.650+05:00,cumulative,790,uptime=10.8min,errors=0
2025-12-29T09:29:14.043521+00:00,indicator_stress_test,ultra_aggressive,BTCUSD#,tests=12 passed=11 grade=A
2025-12-29T14:29:26.5207207+05:00,21428,17.25,92.35,3,273,3,3496,0,1393837
2025-12-29T14:29:56.9376240+05:00,21428,18.203,80.84,33,306,33,3529,0,1413627
2025-12-29T14:30:27.3428803+05:00,21428,20.812,81.82,33,339,33,3562,0,1433710
2025-12-29T14:30:57.6609167+05:00,21428,20.938,81.77,32,371,32,3594,0,1453492
2025-12-29T14:31:27.9698962+05:00,21428,21.109,84.27,32,403,32,3626,0,1473037
2025-12-29T14:31:58.3015894+05:00,21428,22.766,84.56,17,420,17,3643,0,1484102
2025-12-29T14:32:04.455+05:00,final_cumulative,940,uptime=13.8min,sysErrors=0,grade=A+
2025-12-29T14:32:28.6911394+05:00,21428,20.953,74.61,0,420,0,3643,0,1485048
2025-12-29T14:32:58.9436282+05:00,21428,20.391,76.5,0,420,0,3643,0,1485994
2025-12-29T14:33:29.2299631+05:00,21428,21.344,76.69,0,420,0,3643,0,1487222
2025-12-29T14:33:59.4984639+05:00,21428,22.797,85.66,0,420,0,3643,0,1487926
2025-12-29T14:34:29.7584451+05:00,21428,24.125,73.49,0,420,0,3643,0,1489114
2025-12-29T14:35:00.0258557+05:00,21428,23.891,73.5,0,420,0,3643,0,1490060
2025-12-29T14:35:30.2836344+05:00,21428,22.109,75.85,0,420,0,3643,0,1491006
2025-12-29T14:36:00.5510395+05:00,21428,23.094,73.98,0,420,0,3643,0,1492113
2025-12-29T14:36:30.8316600+05:00,21428,23.641,75.96,0,420,0,3643,0,1493181
2025-12-29T14:37:01.0790075+05:00,21428,25.891,84.75,0,420,0,3643,0,1493885
2025-12-29T14:37:31.4012752+05:00,21428,27.906,85.88,0,420,0,3643,0,1494831
2025-12-29T14:38:01.7304821+05:00,21428,28.703,84.45,0,420,0,3643,0,1495777
2025-12-29T14:38:31.9976875+05:00,21428,28.531,86.43,0,420,0,3643,0,1496884
2025-12-29T14:39:02.2998771+05:00,21428,29.75,84.45,0,420,0,3643,0,1497830
2025-12-29T14:39:32.6621972+05:00,21428,29.172,79.15,0,420,0,3643,0,1499160
2025-12-29T14:40:02.9988213+05:00,21428,28.281,74.59,0,420,0,3643,0,1500228
2025-12-29T14:40:33.3458282+05:00,21428,29.188,79.62,0,420,0,3643,0,1500701
2025-12-29T14:41:03.6383621+05:00,13080,0,85.93,0,420,0,3643,0,1505534
2025-12-29T14:41:33.9640059+05:00,13080,0.953,87.04,0,420,0,3643,0,1506474
2025-12-29T14:42:04.2759022+05:00,22436,0,86.01,0,420,0,3643,0,1511108
2025-12-29T14:42:34.6216348+05:00,22436,1,87.41,0,420,0,3643,0,1512244
2025-12-29T14:43:04.9970963+05:00,22436,1.625,87.56,0,420,0,3643,0,1513184
2025-12-29T14:43:35.3264593+05:00,22436,2.438,85.46,0,420,0,3643,0,1514124
2025-12-29T14:44:05.6110492+05:00,22436,2.875,85.48,0,420,0,3643,0,1515064
2025-12-29T14:44:35.9024074+05:00,22436,3.547,86.11,0,420,0,3643,0,1516400
2025-12-29T14:45:06.2156405+05:00,22436,4.5,86.99,0,420,0,3643,0,1517468
2025-12-29T14:45:36.5408273+05:00,22436,5.297,87.9,0,420,0,3643,0,1518414
2025-12-29T14:46:06.8907744+05:00,22436,6.141,88.99,0,420,0,3643,0,1519360
2025-12-29T14:46:37.1882455+05:00,22436,6.5,88.68,0,420,0,3643,0,1520306
2025-12-29T14:46:39,cthulu_running,0,negative_balance_protection_added,risk/evaluator.py
2025-12-29T14:47:07.5050267+05:00,22436,7.047,89.57,0,420,0,3643,0,1521411
2025-12-29T14:47:37.8094616+05:00,22436,7.672,90.2,0,420,0,3643,0,1522357
2025-12-29T14:48:08.1143767+05:00,22436,8.344,88.76,0,420,0,3643,0,1523425
2025-12-29T14:48:38.4264958+05:00,22436,8.562,88.75,0,420,0,3643,0,1524371
2025-12-29T14:49:08.7333247+05:00,22436,9.609,89.2,0,420,0,3643,0,1525317
2025-12-29T14:49:39.0164451+05:00,22436,10.453,91.77,0,420,0,3643,0,1526422
2025-12-29T14:50:09.2835803+05:00,22436,10.781,88.33,0,420,0,3643,0,1527368
2025-12-29T14:50:39.5444621+05:00,22436,11.219,89.92,0,420,0,3643,0,1528314
2025-12-29T14:51:09.7928636+05:00,22436,12.109,90.25,0,420,0,3643,0,1529382
2025-12-29T14:51:40.0580207+05:00,22436,13.062,90.66,0,420,0,3643,0,1530328
2025-12-29T14:52:10.3223089+05:00,22436,14.281,91.04,0,420,0,3643,0,1531433
2025-12-29T14:52:40.6672879+05:00,22436,15.922,90.97,0,420,0,3643,0,1532379
2025-12-29T14:53:10.9751308+05:00,22436,16.297,91.26,0,420,0,3643,0,1533325
2025-12-29T14:53:41.2570482+05:00,3044,0,86.3,0,420,0,3643,0,1538077
2025-12-29T14:54:11.5675165+05:00,3044,1.047,86.52,0,420,0,3643,0,1539017
2025-12-29T14:54:41.8895660+05:00,3044,1.594,86.56,0,420,0,3643,0,1539957
2025-12-29T14:55:12.2158517+05:00,,0,0,0,420,0,3643,0,1540897
2025-12-29T14:55:42.5390945+05:00,22604,0,87.17,0,420,0,3643,0,1545484
2025-12-29T14:56:12.8414142+05:00,22604,1.203,86.8,0,420,0,3643,0,1546424
2025-12-29T14:56:41Z,42,0,0,.85,5,A+,trending_down_strong,System running stable - 5 strategies active
2025-12-29T14:56:43.1628033+05:00,22604,1.875,86.28,0,420,0,3643,0,1547364
2025-12-29T14:57:13.4901464+05:00,22604,2.531,86.38,0,420,0,3643,0,1548304
2025-12-29T14:57:43.8328946+05:00,22604,3.078,86.3,0,420,0,3643,0,1549406
2025-12-29T14:58:14.0995926+05:00,22604,3.734,87.88,0,420,0,3643,0,1550583
2025-12-29T14:58:44.4543821+05:00,23240,0,51.5,0,420,0,3643,0,1551419
2025-12-29T14:59:14.7451901+05:00,23240,1.672,90.71,0,420,10,3653,0,1559250
2025-12-29T14:59:45.0391681+05:00,23240,1.469,91.23,0,420,12,3665,0,1564030
2025-12-29T14:59:55Z,1.2,10,0,1924.85,5,A+,trending_down_strong,RPC stress test 10/10 OK
2025-12-29T15:00:15.3426533+05:00,23240,2.109,91.97,0,420,20,3685,0,1571183
2025-12-29T15:00:45.7139174+05:00,23240,3.188,92.81,0,420,54,3739,0,1588187
2025-12-29T15:01:16.0324853+05:00,23240,4.25,95.18,0,420,26,3765,0,1597070
2025-12-29T15:01:29Z,2.7,60,0,?,5,A+,trending_down_strong,Heavy stress 50/50 trades OK - 0 errors
2025-12-29T15:01:46.3873669+05:00,23240,4.656,96.37,0,420,0,3765,0,1598016
2025-12-29T15:02:16.7438522+05:00,23240,5.078,94.05,0,420,0,3765,0,1599083
2025-12-29T15:02:47.0825788+05:00,23240,5.797,92.21,0,420,0,3765,0,1600029
2025-12-29T15:03:17.3969126+05:00,23240,5.531,92.86,0,420,12,3777,0,1604779
2025-12-29T15:03:47.8203846+05:00,23240,9.094,93.14,0,420,58,3835,0,1623190
2025-12-29T15:04:17Z,5.5,110,0,?,5,A+,trending_down_strong,Pattern stress 50/50 OK - Total 110+ trades
2025-12-29T15:04:18.1898885+05:00,23240,8.141,93.77,0,420,30,3865,0,1633196
2025-12-29T15:04:48.5278444+05:00,23240,8.25,94.31,0,420,0,3865,0,1634142
2025-12-29T15:05:18.8321269+05:00,23240,8.422,93.93,0,420,0,3865,0,1635209
2025-12-29T15:05:49.1963394+05:00,23240,11.906,94.05,0,420,0,3865,0,1636155
2025-12-29T15:06:19.5834868+05:00,23240,11.391,95.11,0,420,54,3919,0,1653528
2025-12-29T15:06:49.9661836+05:00,23240,12.891,95.29,0,420,56,3975,0,1671358
2025-12-29T15:07:20.3520090+05:00,23240,13.5,95.8,0,420,56,4031,0,1689196
2025-12-29T15:07:50.7390771+05:00,23240,15.047,95.54,0,420,34,4065,0,1700369
2025-12-29T15:08:03Z,9.3,210,0,?,5,A+,trending_down_strong,High-freq 100/100 at 5/sec - OUTSTANDING
2025-12-29T15:08:21.1358740+05:00,23240,15.234,96.12,0,420,0,4065,0,1701436
2025-12-29T15:08:51.5325146+05:00,23240,15.406,96.47,0,420,0,4065,0,1702543
2025-12-29T15:09:21.8984303+05:00,23240,15.656,91.5,0,420,0,4065,0,1703489
2025-12-29T15:09:52.2202128+05:00,23240,14.828,92.55,0,420,0,4065,0,1704435
2025-12-29T15:10:22.5439429+05:00,23240,15.688,92.1,0,420,0,4065,0,1705381
2025-12-29T15:10:52.8232184+05:00,23240,15.281,92.5,0,420,26,4091,0,1714138
2025-12-29T15:11:23.1477401+05:00,23240,17.328,92.76,0,420,61,4152,0,1733763
2025-12-29T15:11:48Z,13.1,260,0,?,5,A+,trending_down_strong,Rapid 50/50 at 10/sec OK
2025-12-29T15:11:53.4554111+05:00,23240,18.625,90.45,0,420,13,4165,0,1738495
2025-12-29T15:12:23.8264535+05:00,23240,19.359,93.68,0,420,0,4165,0,1739441
2025-12-29T15:12:54.1547596+05:00,23240,18.672,94.13,0,420,0,4165,0,1740387
2025-12-29T15:13:24.4755839+05:00,23240,20.203,93.69,0,420,0,4165,0,1741333
2025-12-29T15:13:54.8534005+05:00,23240,25.062,94.45,0,420,0,4165,0,1742440
2025-12-29T15:14:25.2776098+05:00,23240,24.281,93.64,0,420,0,4165,0,1743507
2025-12-29T15:14:55.7240567+05:00,23240,25.781,94.01,0,420,0,4165,0,1744453
2025-12-29T15:15:26.1172104+05:00,23240,26.469,94.92,0,420,0,4165,0,1745399
2025-12-29T15:15:56.5031669+05:00,23240,25.516,92.75,0,420,56,4221,0,1763169
2025-12-29T15:16:26.8684672+05:00,23240,28.156,93.83,18,438,41,4262,0,1781831
2025-12-29T15:16:57.2952218+05:00,23240,29.078,93.15,32,470,31,4293,0,1800955
2025-12-29T15:17:27.7182734+05:00,23240,29.172,92.92,32,502,32,4325,0,1820380
2025-12-29T15:17:58.1024424+05:00,23240,29.453,92.05,31,533,31,4356,0,1839549
2025-12-29T15:18:28.5138131+05:00,23240,29.578,91.52,32,565,32,4388,0,1859176
2025-12-29T15:18:58.8548964+05:00,23240,29.094,90.95,16,581,16,4404,0,1869302
2025-12-29T15:19:04Z,20.3,460,0,?,5,A+,trending_down_strong,MAXIMUM STRESS 200/200 at 10/sec - PHENOMENAL
2025-12-29T15:19:29.2114853+05:00,23240,29.641,88.48,0,581,0,4404,0,1870248
2025-12-29T15:19:59.5121733+05:00,23240,29.922,88.97,0,581,0,4404,0,1871194
2025-12-29T15:20:29.8788322+05:00,23240,29.719,98.16,0,581,0,4404,0,1871788
2025-12-29T15:21:00.3162830+05:00,23240,29.422,94.64,0,581,0,4404,0,1872734
2025-12-29T15:21:30.6455044+05:00,23240,29.953,93.22,0,581,0,4404,0,1873680
2025-12-29T15:22:00.9640478+05:00,23240,29.703,91,0,581,0,4404,0,1874787
2025-12-29T15:22:31.3953170+05:00,23240,29.844,90.48,0,581,0,4404,0,1875733
2025-12-29T15:25:43Z,27,560,0,?,5,A+,system_stable,Continuous pressure 100/100 at 8/sec - PERFECT
2025-12-29T15:35:29,stress_test_realistic,OK,1924.85,ranging,medium
2025-12-29T15:59:23,28,26min,high_volatility,2018.78,163,OK
