timestamp,type,pid,cpu_seconds,memory_mb,errors_delta,errors_total,trades_delta,trades_total,restarts,log_bytes,event_type,description,strategy,symbol
2025-12-29 11:27:37.747986+05:00,metrics,0.0,0.0,0.0,13.0,13.0,6.0,6.0,4.0,317095.0,,,,
2025-12-29 11:27:48.036318+05:00,metrics,0.0,0.0,0.0,0.0,13.0,0.0,6.0,4.0,317095.0,,,,
2025-12-29 11:27:58.142004800+05:00,metrics,0.0,0.0,0.0,0.0,13.0,0.0,6.0,4.0,317095.0,,,,
2025-12-29 11:35:36.892041100+05:00,metrics,0.0,0.0,87.02,13.0,13.0,6.0,6.0,4.0,321086.0,,,,
2025-12-29 11:35:47.104241600+05:00,metrics,0.0,0.188,87.48,0.0,13.0,0.0,6.0,4.0,321704.0,,,,
2025-12-29 11:35:57.201499100+05:00,metrics,0.0,0.016,87.48,0.0,13.0,0.0,6.0,4.0,321704.0,,,,
2025-12-29 11:36:07.318565500+05:00,metrics,0.0,0.266,88.14,0.0,13.0,0.0,6.0,4.0,322169.0,,,,
2025-12-29 11:36:17.401013+05:00,metrics,0.0,0.344,88.25,0.0,13.0,0.0,6.0,4.0,322634.0,,,,
2025-12-29 11:36:27.484325600+05:00,metrics,0.0,0.0,88.25,0.0,13.0,0.0,6.0,4.0,322634.0,,,,
2025-12-29 11:36:37.592506400+05:00,metrics,0.0,0.562,87.53,0.0,13.0,0.0,6.0,4.0,323099.0,,,,
2025-12-29 11:36:47.678469+05:00,metrics,0.0,0.609,88.45,0.0,13.0,0.0,6.0,4.0,323564.0,,,,
2025-12-29 11:36:57.773963600+05:00,metrics,0.0,0.0,0.0,0.0,13.0,0.0,6.0,4.0,323564.0,,,,
2025-12-29 11:37:07.859720400+05:00,metrics,0.0,0.0,0.0,0.0,13.0,0.0,6.0,4.0,323564.0,,,,
2025-12-29 11:37:17.938737200+05:00,metrics,0.0,0.0,0.0,0.0,13.0,0.0,6.0,4.0,323564.0,,,,
2025-12-29 11:37:28.028101100+05:00,metrics,0.0,0.0,0.0,0.0,13.0,0.0,6.0,4.0,323564.0,,,,
2025-12-29 11:37:38.101995+05:00,metrics,0.0,0.0,0.0,0.0,13.0,0.0,6.0,4.0,323564.0,,,,
2025-12-29 11:37:48.191284100+05:00,metrics,0.0,0.0,0.0,0.0,13.0,0.0,6.0,4.0,323564.0,,,,
2025-12-29 11:37:58.278427300+05:00,metrics,0.0,0.0,0.0,0.0,13.0,0.0,6.0,4.0,323564.0,,,,
2025-12-29 11:38:08.360017900+05:00,metrics,0.0,0.0,0.0,0.0,13.0,0.0,6.0,4.0,323564.0,,,,
2025-12-29 11:38:18.440369900+05:00,metrics,0.0,0.0,0.0,0.0,13.0,0.0,6.0,4.0,323564.0,,,,
2025-12-29 11:38:28.518610500+05:00,metrics,0.0,0.0,0.0,0.0,13.0,0.0,6.0,4.0,323564.0,,,,
2025-12-29 11:38:38.585187800+05:00,metrics,0.0,0.0,0.0,0.0,13.0,0.0,6.0,4.0,323564.0,,,,
2025-12-29 11:38:48.660060800+05:00,metrics,0.0,0.0,0.0,0.0,13.0,0.0,6.0,4.0,323564.0,,,,
2025-12-29 11:38:58.739575500+05:00,metrics,0.0,0.0,0.0,0.0,13.0,0.0,6.0,4.0,323564.0,,,,
2025-12-29 11:39:08.825259500+05:00,metrics,0.0,0.0,0.0,0.0,13.0,0.0,6.0,4.0,323564.0,,,,
2025-12-29 11:39:18.894117300+05:00,metrics,0.0,0.0,0.0,0.0,13.0,0.0,6.0,4.0,323564.0,,,,
2025-12-29 11:39:28.999169500+05:00,metrics,0.0,0.0,0.0,0.0,13.0,0.0,6.0,4.0,323564.0,,,,
2025-12-29 11:39:39.090047600+05:00,metrics,0.0,0.0,0.0,0.0,13.0,0.0,6.0,4.0,323564.0,,,,
2025-12-29 11:39:49.190628+05:00,metrics,0.0,0.0,0.0,0.0,13.0,0.0,6.0,4.0,323564.0,,,,
2025-12-29 11:39:59.265047500+05:00,metrics,0.0,0.0,0.0,0.0,13.0,0.0,6.0,4.0,323564.0,,,,
2025-12-29 11:40:09.352276900+05:00,metrics,0.0,0.0,0.0,0.0,13.0,0.0,6.0,4.0,323564.0,,,,
2025-12-29 11:40:19.437788400+05:00,metrics,0.0,0.0,0.0,0.0,13.0,0.0,6.0,4.0,323564.0,,,,
2025-12-29 11:40:29.518204200+05:00,metrics,0.0,0.0,0.0,0.0,13.0,0.0,6.0,4.0,323564.0,,,,
2025-12-29 11:40:39.598814300+05:00,metrics,0.0,0.0,0.0,0.0,13.0,0.0,6.0,4.0,323564.0,,,,
2025-12-29 11:40:49.683660300+05:00,metrics,0.0,0.0,0.0,0.0,13.0,0.0,6.0,4.0,323564.0,,,,
2025-12-29 11:40:59.760523500+05:00,metrics,0.0,0.0,0.0,0.0,13.0,0.0,6.0,4.0,323564.0,,,,
2025-12-29 11:41:09.837882400+05:00,metrics,0.0,0.0,0.0,0.0,13.0,0.0,6.0,4.0,323564.0,,,,
2025-12-29 11:41:19.911256100+05:00,metrics,0.0,0.0,0.0,0.0,13.0,0.0,6.0,4.0,323564.0,,,,
2025-12-29 11:41:29.986673100+05:00,metrics,0.0,0.0,0.0,0.0,13.0,0.0,6.0,4.0,323564.0,,,,
2025-12-29 11:41:40.057445900+05:00,metrics,0.0,0.0,0.0,0.0,13.0,0.0,6.0,4.0,323564.0,,,,
2025-12-29 11:41:50.139497400+05:00,metrics,0.0,0.0,0.0,0.0,13.0,0.0,6.0,4.0,323564.0,,,,
2025-12-29 11:42:00.237241+05:00,metrics,0.0,0.0,0.0,0.0,13.0,0.0,6.0,4.0,323564.0,,,,
2025-12-29 11:42:10.314553+05:00,metrics,0.0,0.0,0.0,0.0,13.0,0.0,6.0,4.0,323564.0,,,,
2025-12-29 11:42:20.390996+05:00,metrics,0.0,0.0,0.0,0.0,13.0,0.0,6.0,4.0,323564.0,,,,
2025-12-29 11:42:30.470232200+05:00,metrics,0.0,0.0,0.0,0.0,13.0,0.0,6.0,4.0,323564.0,,,,
2025-12-29 11:42:40.541252300+05:00,metrics,0.0,0.0,0.0,0.0,13.0,0.0,6.0,4.0,323564.0,,,,
2025-12-29 11:42:50.618666500+05:00,metrics,0.0,0.0,0.0,0.0,13.0,0.0,6.0,4.0,323564.0,,,,
2025-12-29 11:43:00.695953100+05:00,metrics,0.0,0.0,0.0,0.0,13.0,0.0,6.0,4.0,323564.0,,,,
2025-12-29 11:43:10.775831100+05:00,metrics,0.0,0.0,0.0,0.0,13.0,0.0,6.0,4.0,323564.0,,,,
2025-12-29 11:43:20.848605600+05:00,metrics,0.0,0.0,0.0,0.0,13.0,0.0,6.0,4.0,323564.0,,,,
2025-12-29 11:43:30.917088700+05:00,metrics,0.0,0.0,0.0,0.0,13.0,0.0,6.0,4.0,323564.0,,,,
2025-12-29 11:43:40.989496+05:00,metrics,0.0,0.0,0.0,0.0,13.0,0.0,6.0,4.0,323564.0,,,,
2025-12-29 11:43:51.081673200+05:00,metrics,0.0,0.0,0.0,0.0,13.0,0.0,6.0,4.0,323564.0,,,,
2025-12-29 11:44:01.160128200+05:00,metrics,0.0,0.0,0.0,0.0,13.0,0.0,6.0,4.0,323564.0,,,,
2025-12-29 11:44:11.229349800+05:00,metrics,0.0,0.0,0.0,0.0,13.0,0.0,6.0,4.0,323564.0,,,,
2025-12-29 11:44:21.307193300+05:00,metrics,0.0,0.0,0.0,0.0,13.0,0.0,6.0,4.0,323564.0,,,,
2025-12-29 11:44:31.384288400+05:00,metrics,0.0,0.0,0.0,0.0,13.0,0.0,6.0,4.0,323564.0,,,,
2025-12-29 11:44:41.479592200+05:00,metrics,0.0,0.0,0.0,0.0,13.0,0.0,6.0,4.0,323564.0,,,,
2025-12-29 11:44:51.546500+05:00,metrics,0.0,0.0,0.0,0.0,13.0,0.0,6.0,4.0,323564.0,,,,
2025-12-29 11:45:01.623213+05:00,metrics,0.0,0.0,0.0,0.0,13.0,0.0,6.0,4.0,323564.0,,,,
2025-12-29 11:45:11.694943500+05:00,metrics,0.0,0.0,0.0,0.0,13.0,0.0,6.0,4.0,323564.0,,,,
2025-12-29 11:45:21.770376500+05:00,metrics,0.0,0.0,0.0,0.0,13.0,0.0,6.0,4.0,323564.0,,,,
2025-12-29 11:45:31.848897200+05:00,metrics,0.0,0.0,0.0,0.0,13.0,0.0,6.0,4.0,323564.0,,,,
2025-12-29 11:45:41.960202800+05:00,metrics,0.0,0.0,0.0,0.0,13.0,0.0,6.0,4.0,323564.0,,,,
2025-12-29 11:45:52.056162200+05:00,metrics,0.0,0.0,0.0,0.0,13.0,0.0,6.0,4.0,323564.0,,,,
2025-12-29 11:46:02.139899800+05:00,metrics,0.0,0.0,0.0,0.0,13.0,0.0,6.0,4.0,323564.0,,,,
2025-12-29 11:46:12.233823200+05:00,metrics,0.0,0.0,0.0,0.0,13.0,0.0,6.0,4.0,323564.0,,,,
2025-12-29 11:46:22.316683200+05:00,metrics,0.0,0.0,0.0,0.0,13.0,0.0,6.0,4.0,323564.0,,,,
2025-12-29 11:46:32.399384+05:00,metrics,0.0,0.0,0.0,0.0,13.0,0.0,6.0,4.0,323564.0,,,,
2025-12-29 11:46:42.480646200+05:00,metrics,0.0,0.0,0.0,0.0,13.0,0.0,6.0,4.0,323564.0,,,,
2025-12-29 11:46:52.550402500+05:00,metrics,0.0,0.0,0.0,0.0,13.0,0.0,6.0,4.0,323564.0,,,,
2025-12-29 11:47:02.636700300+05:00,metrics,0.0,0.0,0.0,0.0,13.0,0.0,6.0,4.0,323564.0,,,,
2025-12-29 11:47:12.726986500+05:00,metrics,0.0,0.0,0.0,0.0,13.0,0.0,6.0,4.0,323564.0,,,,
2025-12-29 11:47:22.817559900+05:00,metrics,0.0,0.0,0.0,0.0,13.0,0.0,6.0,4.0,323564.0,,,,
2025-12-29 11:47:32.917220100+05:00,metrics,0.0,0.0,0.0,0.0,13.0,0.0,6.0,4.0,323564.0,,,,
2025-12-29 11:47:43.012085300+05:00,metrics,0.0,0.0,0.0,0.0,13.0,0.0,6.0,4.0,323564.0,,,,
2025-12-29 11:47:53.112297200+05:00,metrics,0.0,0.0,0.0,0.0,13.0,0.0,6.0,4.0,323564.0,,,,
2025-12-29 11:48:03.187726200+05:00,metrics,0.0,0.0,0.0,0.0,13.0,0.0,6.0,4.0,323564.0,,,,
2025-12-29 11:48:13.260769600+05:00,metrics,0.0,0.0,0.0,0.0,13.0,0.0,6.0,4.0,323564.0,,,,
2025-12-29 11:48:23.344761700+05:00,metrics,0.0,0.0,0.0,0.0,13.0,0.0,6.0,4.0,323564.0,,,,
2025-12-29 11:48:33.444297600+05:00,metrics,0.0,0.0,0.0,0.0,13.0,0.0,6.0,4.0,323564.0,,,,
2025-12-29 11:48:43.522730900+05:00,metrics,0.0,0.0,0.0,0.0,13.0,0.0,6.0,4.0,323564.0,,,,
2025-12-29 11:48:53.588627200+05:00,metrics,0.0,0.0,0.0,0.0,13.0,0.0,6.0,4.0,323564.0,,,,
2025-12-29 11:49:03.664829600+05:00,metrics,0.0,0.0,0.0,0.0,13.0,0.0,6.0,4.0,323564.0,,,,
2025-12-29 11:49:13.751063600+05:00,metrics,0.0,0.0,0.0,0.0,13.0,0.0,6.0,4.0,323564.0,,,,
2025-12-29 11:49:23.855509900+05:00,metrics,0.0,0.0,0.0,0.0,13.0,0.0,6.0,4.0,323564.0,,,,
2025-12-29 11:49:33.935256900+05:00,metrics,0.0,0.0,0.0,0.0,13.0,0.0,6.0,4.0,323564.0,,,,
2025-12-29 11:49:44.004674200+05:00,metrics,0.0,0.0,0.0,0.0,13.0,0.0,6.0,4.0,323564.0,,,,
2025-12-29 11:49:54.102129100+05:00,metrics,0.0,0.0,0.0,0.0,13.0,0.0,6.0,4.0,323564.0,,,,
2025-12-29 11:50:04.196743500+05:00,metrics,0.0,0.0,0.0,0.0,13.0,0.0,6.0,4.0,323564.0,,,,
2025-12-29 11:50:14.291612800+05:00,metrics,0.0,0.0,0.0,0.0,13.0,0.0,6.0,4.0,323564.0,,,,
2025-12-29 11:50:24.373705100+05:00,metrics,0.0,0.0,0.0,0.0,13.0,0.0,6.0,4.0,323564.0,,,,
2025-12-29 11:50:34.446798500+05:00,metrics,0.0,0.0,0.0,0.0,13.0,0.0,6.0,4.0,323564.0,,,,
2025-12-29 11:50:44.521257200+05:00,metrics,0.0,0.0,0.0,0.0,13.0,0.0,6.0,4.0,323564.0,,,,
2025-12-29 11:50:54.605388200+05:00,metrics,0.0,0.0,0.0,0.0,13.0,0.0,6.0,4.0,323564.0,,,,
2025-12-29 11:51:04.683100300+05:00,metrics,0.0,0.0,0.0,0.0,13.0,0.0,6.0,4.0,323564.0,,,,
2025-12-29 11:51:14.772550400+05:00,metrics,0.0,0.0,0.0,0.0,13.0,0.0,6.0,4.0,323564.0,,,,
2025-12-29 11:51:24.839616400+05:00,metrics,0.0,0.0,0.0,0.0,13.0,0.0,6.0,4.0,323564.0,,,,
2025-12-29 11:51:34.913198400+05:00,metrics,0.0,0.0,0.0,0.0,13.0,0.0,6.0,4.0,323564.0,,,,
2025-12-29 11:51:44.990295400+05:00,metrics,0.0,0.0,0.0,0.0,13.0,0.0,6.0,4.0,323564.0,,,,
2025-12-29 11:51:55.069633600+05:00,metrics,0.0,0.0,0.0,0.0,13.0,0.0,6.0,4.0,323564.0,,,,
2025-12-29 11:52:05.151918+05:00,metrics,0.0,0.0,0.0,0.0,13.0,0.0,6.0,4.0,323564.0,,,,
2025-12-29 11:52:15.225639400+05:00,metrics,0.0,0.0,0.0,0.0,13.0,0.0,6.0,4.0,323564.0,,,,
2025-12-29 11:52:25.301221+05:00,metrics,0.0,0.0,0.0,0.0,13.0,0.0,6.0,4.0,323564.0,,,,
2025-12-29 11:52:35.377238200+05:00,metrics,0.0,0.0,0.0,0.0,13.0,0.0,6.0,4.0,323564.0,,,,
2025-12-29 11:52:45.456381100+05:00,metrics,0.0,0.0,0.0,0.0,13.0,0.0,6.0,4.0,323564.0,,,,
2025-12-29 11:52:55.540895+05:00,metrics,0.0,0.0,0.0,0.0,13.0,0.0,6.0,4.0,323564.0,,,,
2025-12-29 11:53:05.645988300+05:00,metrics,0.0,0.0,0.0,0.0,13.0,0.0,6.0,4.0,323564.0,,,,
2025-12-29 11:53:15.727583+05:00,metrics,0.0,0.0,0.0,0.0,13.0,0.0,6.0,4.0,323564.0,,,,
2025-12-29 11:53:25.797379500+05:00,metrics,0.0,0.0,0.0,0.0,13.0,0.0,6.0,4.0,323564.0,,,,
2025-12-29 11:53:35.878925500+05:00,metrics,0.0,0.0,0.0,0.0,13.0,0.0,6.0,4.0,323564.0,,,,
2025-12-29 11:53:45.959664700+05:00,metrics,0.0,0.0,0.0,0.0,13.0,0.0,6.0,4.0,323564.0,,,,
2025-12-29 11:53:56.035938800+05:00,metrics,0.0,0.0,0.0,0.0,13.0,0.0,6.0,4.0,323564.0,,,,
2025-12-29 11:54:06.114301200+05:00,metrics,0.0,0.0,0.0,0.0,13.0,0.0,6.0,4.0,323564.0,,,,
2025-12-29 11:54:16.184899100+05:00,metrics,0.0,0.0,0.0,0.0,13.0,0.0,6.0,4.0,323564.0,,,,
2025-12-29 11:54:26.255456600+05:00,metrics,0.0,0.0,0.0,0.0,13.0,0.0,6.0,4.0,323564.0,,,,
2025-12-29 11:54:36.332507700+05:00,metrics,0.0,0.0,0.0,0.0,13.0,0.0,6.0,4.0,323564.0,,,,
2025-12-29 11:54:46.417046600+05:00,metrics,0.0,0.0,0.0,0.0,13.0,0.0,6.0,4.0,323564.0,,,,
2025-12-29 11:54:56.482786300+05:00,metrics,0.0,0.0,0.0,0.0,13.0,0.0,6.0,4.0,323564.0,,,,
2025-12-29 11:55:06.547683200+05:00,metrics,0.0,0.0,0.0,0.0,13.0,0.0,6.0,4.0,323564.0,,,,
2025-12-29 11:55:16.627319800+05:00,metrics,0.0,0.0,0.0,0.0,13.0,0.0,6.0,4.0,323564.0,,,,
2025-12-29 11:55:26.694182200+05:00,metrics,0.0,0.0,0.0,0.0,13.0,0.0,6.0,4.0,323564.0,,,,
2025-12-29 11:55:36.773117100+05:00,metrics,0.0,0.0,0.0,0.0,13.0,0.0,6.0,4.0,323564.0,,,,
2025-12-29 11:55:46.848109600+05:00,metrics,0.0,0.0,0.0,0.0,13.0,0.0,6.0,4.0,323564.0,,,,
2025-12-29 11:55:56.929595500+05:00,metrics,0.0,0.0,0.0,0.0,13.0,0.0,6.0,4.0,323564.0,,,,
2025-12-29 11:56:06.995987200+05:00,metrics,0.0,0.0,0.0,0.0,13.0,0.0,6.0,4.0,323564.0,,,,
2025-12-29 11:56:17.078688+05:00,metrics,0.0,0.0,0.0,0.0,13.0,0.0,6.0,4.0,323564.0,,,,
2025-12-29 11:56:27.150999600+05:00,metrics,0.0,0.0,0.0,0.0,13.0,0.0,6.0,4.0,323564.0,,,,
2025-12-29 11:56:37.222357600+05:00,metrics,0.0,0.0,0.0,0.0,13.0,0.0,6.0,4.0,323564.0,,,,
2025-12-29 11:56:47.334076900+05:00,metrics,0.0,0.0,0.0,0.0,13.0,0.0,6.0,4.0,323564.0,,,,
2025-12-29 11:56:57.423962300+05:00,metrics,0.0,0.0,0.0,0.0,13.0,0.0,6.0,4.0,323564.0,,,,
2025-12-29 11:57:07.514932100+05:00,metrics,0.0,0.0,0.0,0.0,13.0,0.0,6.0,4.0,323564.0,,,,
2025-12-29 11:57:17.593258200+05:00,metrics,0.0,0.0,0.0,0.0,13.0,0.0,6.0,4.0,323564.0,,,,
2025-12-29 11:57:27.681708400+05:00,metrics,0.0,0.0,0.0,0.0,13.0,0.0,6.0,4.0,323564.0,,,,
2025-12-29 11:57:37.766496100+05:00,metrics,0.0,0.0,0.0,0.0,13.0,0.0,6.0,4.0,323564.0,,,,
2025-12-29 11:57:47.857948400+05:00,metrics,0.0,0.0,0.0,0.0,13.0,0.0,6.0,4.0,323564.0,,,,
2025-12-29 11:57:57.942177+05:00,metrics,0.0,0.0,0.0,0.0,13.0,0.0,6.0,4.0,323564.0,,,,
2025-12-29 11:58:08.051565100+05:00,metrics,0.0,0.0,0.0,0.0,13.0,0.0,6.0,4.0,323564.0,,,,
2025-12-29 11:58:18.139951600+05:00,metrics,0.0,0.0,0.0,0.0,13.0,0.0,6.0,4.0,323564.0,,,,
2025-12-29 11:58:28.247980400+05:00,metrics,0.0,0.0,0.0,0.0,13.0,0.0,6.0,4.0,323564.0,,,,
2025-12-29 11:58:38.329542300+05:00,metrics,0.0,0.0,0.0,0.0,13.0,0.0,6.0,4.0,323564.0,,,,
2025-12-29 11:58:48.425318400+05:00,metrics,0.0,0.0,0.0,0.0,13.0,0.0,6.0,4.0,323564.0,,,,
2025-12-29 11:58:58.528536900+05:00,metrics,0.0,0.0,0.0,0.0,13.0,0.0,6.0,4.0,323564.0,,,,
2025-12-29 11:59:08.626035800+05:00,metrics,0.0,0.0,0.0,0.0,13.0,0.0,6.0,4.0,323564.0,,,,
2025-12-29 11:59:18.714184+05:00,metrics,0.0,0.0,0.0,0.0,13.0,0.0,6.0,4.0,323564.0,,,,
2025-12-29 11:59:28.782276500+05:00,metrics,0.0,0.0,0.0,0.0,13.0,0.0,6.0,4.0,323564.0,,,,
2025-12-29 11:59:38.859463900+05:00,metrics,0.0,0.0,0.0,0.0,13.0,0.0,6.0,4.0,323564.0,,,,
2025-12-29 11:59:48.955514900+05:00,metrics,0.0,0.0,0.0,0.0,13.0,9.0,15.0,4.0,325061.0,,,,
2025-12-29 11:59:59.043266500+05:00,metrics,0.0,0.0,0.0,0.0,13.0,12.0,27.0,4.0,327060.0,,,,
2025-12-29 12:00:09.139929500+05:00,metrics,0.0,0.0,0.0,0.0,13.0,0.0,27.0,4.0,327060.0,,,,
2025-12-29 12:00:19.224248200+05:00,metrics,0.0,0.0,0.0,0.0,13.0,0.0,27.0,4.0,327060.0,,,,
2025-12-29 12:00:29.336432900+05:00,metrics,0.0,0.0,0.0,0.0,13.0,9.0,36.0,4.0,328553.0,,,,
2025-12-29 12:00:39.419572300+05:00,metrics,0.0,0.0,0.0,0.0,13.0,15.0,51.0,4.0,331044.0,,,,
2025-12-29 12:00:49.517173800+05:00,metrics,0.0,0.0,0.0,0.0,13.0,15.0,66.0,4.0,333536.0,,,,
2025-12-29 12:00:59.638756700+05:00,metrics,0.0,0.0,0.0,0.0,13.0,15.0,81.0,4.0,336036.0,,,,
2025-12-29 12:01:09.724535700+05:00,metrics,0.0,0.0,0.0,0.0,13.0,12.0,93.0,4.0,338022.0,,,,
2025-12-29 12:01:19.807151400+05:00,metrics,0.0,0.0,0.0,0.0,13.0,15.0,108.0,4.0,340515.0,,,,
2025-12-29 12:01:29.889027+05:00,metrics,0.0,0.0,0.0,0.0,13.0,15.0,123.0,4.0,342995.0,,,,
2025-12-29 12:01:39.964658+05:00,metrics,0.0,0.0,0.0,0.0,13.0,15.0,138.0,4.0,345495.0,,,,
2025-12-29 12:01:50.049202700+05:00,metrics,0.0,0.0,0.0,0.0,13.0,15.0,153.0,4.0,347980.0,,,,
2025-12-29 12:02:00.160170700+05:00,metrics,0.0,0.0,0.0,0.0,13.0,12.0,165.0,4.0,349964.0,,,,
2025-12-29 12:02:10.235691100+05:00,metrics,0.0,0.0,0.0,0.0,13.0,15.0,180.0,4.0,352461.0,,,,
2025-12-29 12:02:20.326795200+05:00,metrics,0.0,0.0,0.0,0.0,13.0,15.0,195.0,4.0,354957.0,,,,
2025-12-29 12:02:30.410800100+05:00,metrics,0.0,0.0,0.0,0.0,13.0,15.0,210.0,4.0,357451.0,,,,
2025-12-29 12:02:40.504452200+05:00,metrics,0.0,0.0,0.0,0.0,13.0,15.0,225.0,4.0,359947.0,,,,
2025-12-29 12:02:50.623909900+05:00,metrics,0.0,0.0,0.0,0.0,13.0,12.0,237.0,4.0,361944.0,,,,
2025-12-29 12:03:00.702672400+05:00,metrics,0.0,0.0,0.0,0.0,13.0,15.0,252.0,4.0,364438.0,,,,
2025-12-29 12:03:10.794379100+05:00,metrics,0.0,0.0,0.0,0.0,13.0,15.0,267.0,4.0,366929.0,,,,
2025-12-29 12:03:20.876946700+05:00,metrics,0.0,0.0,0.0,0.0,13.0,15.0,282.0,4.0,369410.0,,,,
2025-12-29 12:03:30.968841300+05:00,metrics,0.0,0.0,0.0,0.0,13.0,15.0,297.0,4.0,371903.0,,,,
2025-12-29 12:03:41.045196700+05:00,metrics,0.0,0.0,0.0,0.0,13.0,15.0,312.0,4.0,374396.0,,,,
2025-12-29 12:03:51.127331500+05:00,metrics,0.0,0.0,0.0,0.0,13.0,12.0,324.0,4.0,376389.0,,,,
2025-12-29 12:04:01.191551100+05:00,metrics,0.0,0.0,0.0,0.0,13.0,3.0,327.0,4.0,376888.0,,,,
2025-12-29 12:04:11.277366300+05:00,metrics,0.0,0.0,0.0,0.0,13.0,0.0,327.0,4.0,376888.0,,,,
2025-12-29 12:04:21.352002400+05:00,metrics,0.0,0.0,0.0,0.0,13.0,12.0,339.0,4.0,378885.0,,,,
2025-12-29 12:04:31.434635100+05:00,metrics,0.0,0.0,0.0,0.0,13.0,15.0,354.0,4.0,381378.0,,,,
2025-12-29 12:04:41.543771+05:00,metrics,0.0,0.0,0.0,0.0,13.0,15.0,369.0,4.0,383866.0,,,,
2025-12-29 12:04:51.625282400+05:00,metrics,0.0,0.0,0.0,0.0,13.0,15.0,384.0,4.0,386358.0,,,,
2025-12-29 12:05:01.709003400+05:00,metrics,0.0,0.0,0.0,0.0,13.0,12.0,396.0,4.0,388345.0,,,,
2025-12-29 12:05:11.790064200+05:00,metrics,0.0,0.0,0.0,0.0,13.0,15.0,411.0,4.0,390835.0,,,,
2025-12-29 12:05:21.875101700+05:00,metrics,0.0,0.0,0.0,0.0,13.0,15.0,426.0,4.0,393331.0,,,,
2025-12-29 12:05:31.972889100+05:00,metrics,0.0,0.0,0.0,0.0,13.0,15.0,441.0,4.0,395819.0,,,,
2025-12-29 12:05:42.075158800+05:00,metrics,0.0,0.0,0.0,0.0,13.0,15.0,456.0,4.0,398316.0,,,,
2025-12-29 12:05:52.164204100+05:00,metrics,0.0,0.0,0.0,0.0,13.0,12.0,468.0,4.0,400313.0,,,,
2025-12-29 12:06:02.244295+05:00,metrics,0.0,0.0,0.0,0.0,13.0,15.0,483.0,4.0,402810.0,,,,
2025-12-29 12:06:12.341484+05:00,metrics,0.0,0.0,0.0,0.0,13.0,15.0,498.0,4.0,405290.0,,,,
2025-12-29 12:06:22.425459900+05:00,metrics,0.0,0.0,0.0,0.0,13.0,15.0,513.0,4.0,407778.0,,,,
2025-12-29 12:06:32.499660400+05:00,metrics,0.0,0.0,0.0,0.0,13.0,15.0,528.0,4.0,410269.0,,,,
2025-12-29 12:06:42.594664400+05:00,metrics,0.0,0.0,0.0,0.0,13.0,15.0,543.0,4.0,412756.0,,,,
2025-12-29 12:06:52.682910400+05:00,metrics,0.0,0.0,0.0,0.0,13.0,12.0,555.0,4.0,414743.0,,,,
2025-12-29 12:07:02.764605400+05:00,metrics,0.0,0.0,0.0,0.0,13.0,15.0,570.0,4.0,417240.0,,,,
2025-12-29 12:07:12.845349800+05:00,metrics,0.0,0.0,0.0,0.0,13.0,15.0,585.0,4.0,419733.0,,,,
2025-12-29 12:07:22.920938900+05:00,metrics,0.0,0.0,0.0,0.0,13.0,15.0,600.0,4.0,422214.0,,,,
2025-12-29 12:07:32.985742+05:00,metrics,0.0,0.0,0.0,0.0,13.0,15.0,615.0,4.0,424711.0,,,,
2025-12-29 12:07:43.059708300+05:00,metrics,0.0,0.0,0.0,0.0,13.0,12.0,627.0,4.0,426705.0,,,,
2025-12-29 12:07:53.146328700+05:00,metrics,0.0,0.0,0.0,0.0,13.0,0.0,627.0,4.0,426705.0,,,,
2025-12-29 12:08:03.227263800+05:00,metrics,0.0,0.0,0.0,0.0,13.0,0.0,627.0,4.0,426705.0,,,,
2025-12-29 12:08:13.305797900+05:00,metrics,0.0,0.0,0.0,0.0,13.0,15.0,642.0,4.0,429190.0,,,,
2025-12-29 12:08:23.391650600+05:00,metrics,0.0,0.0,0.0,0.0,13.0,15.0,657.0,4.0,431686.0,,,,
2025-12-29 12:08:33.479359400+05:00,metrics,0.0,0.0,0.0,0.0,13.0,15.0,672.0,4.0,434175.0,,,,
2025-12-29 12:08:43.554009800+05:00,metrics,0.0,0.0,0.0,0.0,13.0,15.0,687.0,4.0,436672.0,,,,
2025-12-29 12:08:53.642458100+05:00,metrics,0.0,0.0,0.0,0.0,13.0,12.0,699.0,4.0,438663.0,,,,
2025-12-29 12:09:03.717529500+05:00,metrics,0.0,0.0,0.0,0.0,13.0,15.0,714.0,4.0,441165.0,,,,
2025-12-29 12:09:13.800214600+05:00,metrics,0.0,0.0,0.0,0.0,13.0,15.0,729.0,4.0,443650.0,,,,
2025-12-29 12:09:23.884327400+05:00,metrics,0.0,0.0,0.0,0.0,13.0,15.0,744.0,4.0,446141.0,,,,
2025-12-29 12:09:33.961801200+05:00,metrics,0.0,0.0,0.0,0.0,13.0,15.0,759.0,4.0,448637.0,,,,
2025-12-29 12:09:44.035976100+05:00,metrics,0.0,0.0,0.0,0.0,13.0,15.0,774.0,4.0,451127.0,,,,
2025-12-29 12:09:54.137677400+05:00,metrics,0.0,0.0,0.0,0.0,13.0,12.0,786.0,4.0,453121.0,,,,
2025-12-29 12:10:04.223579300+05:00,metrics,0.0,0.0,0.0,0.0,13.0,15.0,801.0,4.0,455610.0,,,,
2025-12-29 12:10:14.316791700+05:00,metrics,0.0,0.0,0.0,0.0,13.0,15.0,816.0,4.0,458098.0,,,,
2025-12-29 12:10:24.402295900+05:00,metrics,0.0,0.0,0.0,0.0,13.0,15.0,831.0,4.0,460581.0,,,,
2025-12-29 12:10:34.478545+05:00,metrics,0.0,0.0,0.0,0.0,13.0,15.0,846.0,4.0,463072.0,,,,
2025-12-29 12:10:44.575969600+05:00,metrics,0.0,0.0,0.0,0.0,13.0,12.0,858.0,4.0,465066.0,,,,
2025-12-29 12:10:54.659600800+05:00,metrics,0.0,0.0,0.0,0.0,13.0,15.0,873.0,4.0,467557.0,,,,
2025-12-29 12:11:04.749707800+05:00,metrics,0.0,0.0,0.0,0.0,13.0,15.0,888.0,4.0,470042.0,,,,
2025-12-29 12:11:14.949945800+05:00,metrics,0.0,0.0,0.0,0.0,13.0,15.0,903.0,4.0,472531.0,,,,
2025-12-29 12:11:25.046663900+05:00,metrics,0.0,0.0,0.0,0.0,13.0,15.0,918.0,4.0,475020.0,,,,
2025-12-29 12:11:35.144632+05:00,metrics,0.0,0.0,0.0,0.0,13.0,9.0,927.0,4.0,476513.0,,,,
2025-12-29 12:11:45.243566600+05:00,metrics,0.0,0.0,0.0,0.0,13.0,0.0,927.0,4.0,476513.0,,,,
2025-12-29 12:11:55.326696300+05:00,metrics,0.0,0.0,0.0,0.0,13.0,6.0,933.0,4.0,477510.0,,,,
2025-12-29 12:12:05.413006100+05:00,metrics,0.0,0.0,0.0,0.0,13.0,15.0,948.0,4.0,480001.0,,,,
2025-12-29 12:12:15.509628900+05:00,metrics,0.0,0.0,0.0,0.0,13.0,12.0,960.0,4.0,481994.0,,,,
2025-12-29 12:12:25.611321400+05:00,metrics,0.0,0.0,0.0,0.0,13.0,15.0,975.0,4.0,484489.0,,,,
2025-12-29 12:12:35.727907200+05:00,metrics,0.0,0.0,0.0,0.0,13.0,15.0,990.0,4.0,486976.0,,,,
2025-12-29 12:12:45.835293300+05:00,metrics,0.0,0.0,0.0,0.0,13.0,15.0,1005.0,4.0,489462.0,,,,
2025-12-29 12:12:55.902571800+05:00,metrics,0.0,0.0,0.0,0.0,13.0,15.0,1020.0,4.0,491953.0,,,,
2025-12-29 12:13:05.993728800+05:00,metrics,0.0,0.0,0.0,0.0,13.0,15.0,1035.0,4.0,494440.0,,,,
2025-12-29 12:13:16.099467300+05:00,metrics,0.0,0.0,0.0,0.0,13.0,12.0,1047.0,4.0,496430.0,,,,
2025-12-29 12:13:26.188364200+05:00,metrics,0.0,0.0,0.0,0.0,13.0,15.0,1062.0,4.0,498919.0,,,,
2025-12-29 12:13:36.270294600+05:00,metrics,0.0,0.0,0.0,0.0,13.0,15.0,1077.0,4.0,501410.0,,,,
2025-12-29 12:13:46.354814600+05:00,metrics,0.0,0.0,0.0,0.0,13.0,15.0,1092.0,4.0,503904.0,,,,
2025-12-29 12:13:56.444040800+05:00,metrics,0.0,0.0,0.0,0.0,13.0,15.0,1107.0,4.0,506394.0,,,,
2025-12-29 12:14:06.528180500+05:00,metrics,0.0,0.0,0.0,0.0,13.0,15.0,1122.0,4.0,508884.0,,,,
2025-12-29 12:14:16.612229700+05:00,metrics,0.0,0.0,0.0,0.0,13.0,12.0,1134.0,4.0,510881.0,,,,
2025-12-29 12:14:26.696071200+05:00,metrics,0.0,0.0,0.0,0.0,13.0,15.0,1149.0,4.0,513367.0,,,,
2025-12-29 12:14:36.788302400+05:00,metrics,0.0,0.0,0.0,0.0,13.0,15.0,1164.0,4.0,515856.0,,,,
2025-12-29 12:14:46.864642400+05:00,metrics,0.0,0.0,0.0,0.0,13.0,15.0,1179.0,4.0,518347.0,,,,
2025-12-29 12:14:56.942137+05:00,metrics,0.0,0.0,0.0,0.0,13.0,15.0,1194.0,4.0,520846.0,,,,
2025-12-29 12:15:07.033603500+05:00,metrics,0.0,0.0,0.0,0.0,13.0,15.0,1209.0,4.0,523342.0,,,,
2025-12-29 12:15:17.145800500+05:00,metrics,0.0,0.0,0.0,0.0,13.0,15.0,1224.0,4.0,525841.0,,,,
2025-12-29 12:15:27.236743300+05:00,metrics,0.0,0.0,0.0,0.0,13.0,3.0,1227.0,4.0,526333.0,,,,
2025-12-29 12:15:37.328147700+05:00,metrics,0.0,0.0,0.0,0.0,13.0,0.0,1227.0,4.0,526333.0,,,,
2025-12-29 12:15:47.411989+05:00,metrics,0.0,0.0,0.0,0.0,13.0,27.0,1254.0,4.0,530816.0,,,,
2025-12-29 12:15:57.503273100+05:00,metrics,0.0,0.0,0.0,0.0,13.0,24.0,1278.0,4.0,534805.0,,,,
2025-12-29 12:16:07.605167500+05:00,metrics,0.0,0.0,0.0,0.0,13.0,30.0,1308.0,4.0,539793.0,,,,
2025-12-29 12:16:17.684529600+05:00,metrics,0.0,0.0,0.0,0.0,13.0,30.0,1338.0,4.0,544774.0,,,,
2025-12-29 12:16:27.779482100+05:00,metrics,0.0,0.0,0.0,0.0,13.0,30.0,1368.0,4.0,549762.0,,,,
2025-12-29 12:16:37.883082+05:00,metrics,0.0,0.0,0.0,0.0,13.0,27.0,1395.0,4.0,554244.0,,,,
2025-12-29 12:16:47.973923800+05:00,metrics,0.0,0.0,0.0,0.0,13.0,30.0,1425.0,4.0,559216.0,,,,
2025-12-29 12:16:58.108961200+05:00,metrics,0.0,0.0,0.0,0.0,13.0,27.0,1452.0,4.0,563696.0,,,,
2025-12-29 12:17:08.197918800+05:00,metrics,0.0,0.0,0.0,0.0,13.0,30.0,1482.0,4.0,568663.0,,,,
2025-12-29 12:17:18.307739100+05:00,metrics,0.0,0.0,0.0,0.0,13.0,27.0,1509.0,4.0,573149.0,,,,
2025-12-29 12:17:28.394836900+05:00,metrics,0.0,0.0,0.0,0.0,13.0,30.0,1539.0,4.0,578135.0,,,,
2025-12-29 12:17:38.490574400+05:00,metrics,0.0,0.0,0.0,0.0,13.0,27.0,1566.0,4.0,582623.0,,,,
2025-12-29 12:17:48.576940300+05:00,metrics,0.0,0.0,0.0,0.0,13.0,30.0,1596.0,4.0,587597.0,,,,
2025-12-29 12:17:58.684245900+05:00,metrics,0.0,0.0,0.0,0.0,13.0,27.0,1623.0,4.0,592079.0,,,,
2025-12-29 12:18:08.773983400+05:00,metrics,0.0,0.0,0.0,0.0,13.0,27.0,1650.0,4.0,596558.0,,,,
2025-12-29 12:18:18.864723300+05:00,metrics,0.0,0.0,0.0,0.0,13.0,30.0,1680.0,4.0,601537.0,,,,
2025-12-29 12:18:28.956226600+05:00,metrics,0.0,0.0,0.0,0.0,13.0,30.0,1710.0,4.0,606516.0,,,,
2025-12-29 12:18:39.041605200+05:00,metrics,0.0,0.0,0.0,0.0,13.0,27.0,1737.0,4.0,610996.0,,,,
2025-12-29 12:18:49.143626400+05:00,metrics,0.0,0.0,0.0,0.0,13.0,30.0,1767.0,4.0,615985.0,,,,
2025-12-29 12:18:59.264889600+05:00,metrics,0.0,0.0,0.0,0.0,13.0,30.0,1797.0,4.0,620973.0,,,,
2025-12-29 12:19:09.360974500+05:00,metrics,0.0,0.0,0.0,0.0,13.0,24.0,1821.0,4.0,624966.0,,,,
2025-12-29 12:19:19.443812700+05:00,metrics,0.0,0.0,0.0,0.0,13.0,15.0,1836.0,4.0,627460.0,,,,
2025-12-29 12:19:29.528112400+05:00,metrics,0.0,0.0,0.0,0.0,13.0,18.0,1854.0,4.0,630452.0,,,,
2025-12-29 12:19:39.611285300+05:00,metrics,0.0,0.0,0.0,0.0,13.0,27.0,1881.0,4.0,634940.0,,,,
2025-12-29 12:19:49.699433+05:00,metrics,0.0,0.0,0.0,0.0,13.0,27.0,1908.0,4.0,639428.0,,,,
2025-12-29 12:19:59.790726600+05:00,metrics,0.0,0.0,0.0,0.0,13.0,30.0,1938.0,4.0,644417.0,,,,
2025-12-29 12:20:09.868875300+05:00,metrics,0.0,0.0,0.0,0.0,13.0,27.0,1965.0,4.0,648902.0,,,,
2025-12-29 12:20:19.961912800+05:00,metrics,0.0,0.0,0.0,0.0,13.0,27.0,1992.0,4.0,653397.0,,,,
2025-12-29 12:20:30.062403900+05:00,metrics,0.0,0.0,0.0,0.0,13.0,27.0,2019.0,4.0,657884.0,,,,
2025-12-29 12:20:40.152838800+05:00,metrics,0.0,0.0,0.0,0.0,13.0,30.0,2049.0,4.0,662867.0,,,,
2025-12-29 12:20:50.235209800+05:00,metrics,0.0,0.0,0.0,0.0,13.0,30.0,2079.0,4.0,667859.0,,,,
2025-12-29 12:21:00.328527300+05:00,metrics,0.0,0.0,0.0,0.0,13.0,27.0,2106.0,4.0,672330.0,,,,
2025-12-29 12:21:10.424444800+05:00,metrics,0.0,0.0,0.0,0.0,13.0,30.0,2136.0,4.0,677321.0,,,,
2025-12-29 12:21:20.507769900+05:00,metrics,0.0,0.0,0.0,0.0,13.0,30.0,2166.0,4.0,682316.0,,,,
2025-12-29 12:21:30.592020900+05:00,metrics,0.0,0.0,0.0,0.0,13.0,24.0,2190.0,4.0,686300.0,,,,
2025-12-29 12:21:40.681207200+05:00,metrics,0.0,0.0,0.0,0.0,13.0,27.0,2217.0,4.0,690787.0,,,,
2025-12-29 12:21:50.774146900+05:00,metrics,0.0,0.0,0.0,0.0,13.0,30.0,2247.0,4.0,695777.0,,,,
2025-12-29 12:22:00.859762300+05:00,metrics,0.0,0.0,0.0,0.0,13.0,30.0,2277.0,4.0,700751.0,,,,
2025-12-29 12:22:10.954893200+05:00,metrics,0.0,0.0,0.0,0.0,13.0,27.0,2304.0,4.0,705242.0,,,,
2025-12-29 12:22:21.045430100+05:00,metrics,0.0,0.0,0.0,0.0,13.0,30.0,2334.0,4.0,710212.0,,,,
2025-12-29 12:22:31.138848300+05:00,metrics,0.0,0.0,0.0,0.0,13.0,27.0,2361.0,4.0,714699.0,,,,
2025-12-29 12:22:41.252725500+05:00,metrics,0.0,0.0,0.0,0.0,13.0,27.0,2388.0,4.0,719178.0,,,,
2025-12-29 12:22:51.345324400+05:00,metrics,0.0,0.0,0.0,0.0,13.0,21.0,2409.0,4.0,722671.0,,,,
2025-12-29 12:23:01.427319600+05:00,metrics,0.0,0.0,0.0,0.0,13.0,9.0,2418.0,4.0,724167.0,,,,
2025-12-29 12:23:11.518136800+05:00,metrics,0.0,0.0,0.0,0.0,13.0,0.0,2418.0,4.0,724167.0,,,,
2025-12-29 12:23:21.625048200+05:00,metrics,0.0,0.0,0.0,0.0,13.0,6.0,2424.0,4.0,725164.0,,,,
2025-12-29 12:23:31.718112+05:00,metrics,0.0,0.0,0.0,0.0,13.0,15.0,2439.0,4.0,727661.0,,,,
2025-12-29 12:23:41.838396900+05:00,metrics,0.0,0.0,0.0,0.0,13.0,15.0,2454.0,4.0,730149.0,,,,
2025-12-29 12:23:51.928375100+05:00,metrics,0.0,0.0,0.0,0.0,13.0,15.0,2469.0,4.0,732647.0,,,,
2025-12-29 12:24:02.016307900+05:00,metrics,0.0,0.0,0.0,0.0,13.0,12.0,2481.0,4.0,734641.0,,,,
2025-12-29 12:24:12.115591+05:00,metrics,0.0,0.0,0.0,0.0,13.0,15.0,2496.0,4.0,737135.0,,,,
2025-12-29 13:02:06.011744300+05:00,event,,,,,,,,,,restart,restart ultra_aggressive BTCUSD#,aggressive,BTCUSD#
2025-12-29 13:19:20.440830+05:00,metrics,0.0,0.0,0.0,13.0,13.0,2523.0,2523.0,0.0,741617.0,,,,
2025-12-29 13:19:30.658264+05:00,metrics,0.0,0.0,0.0,0.0,13.0,15.0,2538.0,0.0,744114.0,,,,
2025-12-29 13:19:40.813766100+05:00,metrics,0.0,0.0,0.0,0.0,13.0,12.0,2550.0,0.0,746108.0,,,,
2025-12-29 13:19:50.976085700+05:00,metrics,0.0,0.0,0.0,0.0,13.0,15.0,2565.0,0.0,748601.0,,,,
2025-12-29 13:20:01.096840700+05:00,metrics,0.0,0.0,0.0,0.0,13.0,15.0,2580.0,0.0,751092.0,,,,
2025-12-29 13:20:11.243604500+05:00,metrics,0.0,0.0,0.0,0.0,13.0,15.0,2595.0,0.0,753584.0,,,,
2025-12-29 13:20:21.352948100+05:00,metrics,0.0,0.0,0.0,0.0,13.0,12.0,2607.0,0.0,755577.0,,,,
2025-12-29 13:22:48.995118500+05:00,event,,,,,,,,,,session_start,session_start ultra_aggressive BTCUSD# PID=12900 Live mode MT5 connected,aggressive,BTCUSD#
2025-12-29 13:22:58.987454300+05:00,metrics,12900.0,0.0,85.89,13.0,13.0,2619.0,2619.0,0.0,762678.0,,,,
2025-12-29 13:23:29.271591500+05:00,metrics,12900.0,0.703,84.3,0.0,13.0,0.0,2619.0,0.0,763618.0,,,,
2025-12-29 13:23:50.115325200+05:00,metrics,0.0,0.0,0.0,0.0,0.0,0.0,0.0,0.0,0.0,,,,
2025-12-29 13:23:59.425590400+05:00,metrics,20532.0,0.0,86.41,0.0,13.0,0.0,2619.0,0.0,768250.0,,,,
2025-12-29 13:24:29.538261500+05:00,metrics,0.0,0.0,0.0,0.0,13.0,0.0,2619.0,0.0,768720.0,,,,
2025-12-29 13:24:59.659294400+05:00,metrics,0.0,0.0,0.0,0.0,13.0,0.0,2619.0,0.0,768720.0,,,,
2025-12-29 13:25:29.774074+05:00,metrics,0.0,0.0,0.0,0.0,13.0,0.0,2619.0,0.0,768720.0,,,,
2025-12-29 13:25:59.880845+05:00,metrics,16504.0,0.0,86.49,0.0,13.0,0.0,2619.0,0.0,773606.0,,,,
2025-12-29 13:26:29.979947900+05:00,metrics,16504.0,0.578,87.31,0.0,13.0,0.0,2619.0,0.0,774739.0,,,,
2025-12-29 13:27:00.100462900+05:00,metrics,11428.0,0.0,85.82,0.0,13.0,0.0,2619.0,0.0,779724.0,,,,
2025-12-29 13:27:30.228080600+05:00,metrics,11428.0,0.438,87.08,0.0,13.0,0.0,2619.0,0.0,780664.0,,,,
2025-12-29 13:28:00.329532300+05:00,metrics,16284.0,0.0,86.72,0.0,13.0,0.0,2619.0,0.0,786119.0,,,,
2025-12-29 13:28:30.453649500+05:00,metrics,16284.0,0.609,86.3,0.0,13.0,0.0,2619.0,0.0,787059.0,,,,
2025-12-29 13:29:00.571285200+05:00,metrics,13264.0,0.0,85.98,0.0,13.0,0.0,2619.0,0.0,791851.0,,,,
2025-12-29 13:29:30.714530300+05:00,metrics,13264.0,0.453,86.19,0.0,13.0,0.0,2619.0,0.0,792984.0,,,,
2025-12-29 13:30:00.837481500+05:00,metrics,12652.0,0.0,91.14,0.0,13.0,2.0,2621.0,0.0,798373.0,,,,
2025-12-29 13:30:03.988190300+05:00,event,,,,,,,,,,rpc_trade_success,rpc_trade_success ultra_aggressive BTCUSD# First RPC trade executed ticket=600994186 price=89796.40,aggressive,BTCUSD#
2025-12-29 13:30:30.943290400+05:00,metrics,12652.0,0.703,92.33,0.0,13.0,2.0,2623.0,0.0,807013.0,,,,
2025-12-29 13:31:01.053467800+05:00,metrics,12652.0,0.953,93.73,0.0,13.0,0.0,2623.0,0.0,809377.0,,,,
2025-12-29 13:31:31.165064100+05:00,metrics,12652.0,1.141,90.24,0.0,13.0,0.0,2623.0,0.0,810317.0,,,,
2025-12-29 13:32:01.300291200+05:00,metrics,12652.0,1.578,90.15,0.0,13.0,0.0,2623.0,0.0,811419.0,,,,
2025-12-29 13:32:31.417034800+05:00,metrics,12652.0,1.828,91.23,0.0,13.0,0.0,2623.0,0.0,812365.0,,,,
2025-12-29 13:33:01.533180200+05:00,metrics,12652.0,2.125,90.39,0.0,13.0,0.0,2623.0,0.0,813431.0,,,,
2025-12-29 13:33:31.641554500+05:00,metrics,12652.0,2.453,90.55,0.0,13.0,0.0,2623.0,0.0,814377.0,,,,
2025-12-29 13:34:01.778558900+05:00,metrics,0.0,0.0,0.0,0.0,13.0,0.0,2623.0,0.0,815323.0,,,,
2025-12-29 13:34:31.925976900+05:00,metrics,0.0,0.0,0.0,0.0,13.0,0.0,2623.0,0.0,815323.0,,,,
2025-12-29 13:35:02.055692400+05:00,metrics,19428.0,0.0,89.87,0.0,13.0,2.0,2625.0,0.0,820237.0,,,,
2025-12-29 13:35:32.174934+05:00,metrics,19428.0,0.516,91.91,0.0,13.0,2.0,2627.0,0.0,826039.0,,,,
2025-12-29 13:35:58.940466200+05:00,event,,,,,,,,,,phase1_complete,phase1_complete ultra_aggressive BTCUSD# 20/20 trades OK - 100% success rate,aggressive,BTCUSD#
2025-12-29 13:36:02.339902800+05:00,metrics,19428.0,0.844,92.28,0.0,13.0,0.0,2627.0,0.0,829471.0,,,,
2025-12-29 13:36:32.474572+05:00,metrics,19428.0,1.203,92.57,0.0,13.0,0.0,2627.0,0.0,840379.0,,,,
2025-12-29 13:37:02.606285+05:00,metrics,19428.0,1.766,90.74,0.0,13.0,0.0,2627.0,0.0,849151.0,,,,
2025-12-29 13:37:07.775834200+05:00,event,,,,,,,,,,phase2_complete,phase2_complete ultra_aggressive BTCUSD# 50/50 trades OK - 100% success rate @ 2/sec,aggressive,BTCUSD#
2025-12-29 13:37:32.722921+05:00,metrics,19428.0,1.953,94.24,0.0,13.0,0.0,2627.0,0.0,860580.0,,,,
2025-12-29 13:38:02.839589400+05:00,metrics,19428.0,2.125,90.98,0.0,13.0,0.0,2627.0,0.0,872682.0,,,,
2025-12-29 13:38:32.960512300+05:00,metrics,19428.0,2.672,93.66,0.0,13.0,0.0,2627.0,0.0,889292.0,,,,
2025-12-29 13:39:03.069057100+05:00,metrics,19428.0,2.703,90.75,0.0,13.0,0.0,2627.0,0.0,892018.0,,,,
2025-12-29 13:39:33.186440900+05:00,metrics,19428.0,2.953,90.82,0.0,13.0,0.0,2627.0,0.0,892964.0,,,,
2025-12-29 13:40:03.296513300+05:00,metrics,19428.0,3.594,91.11,0.0,13.0,0.0,2627.0,0.0,894069.0,,,,
2025-12-29 13:40:33.404185+05:00,metrics,19428.0,3.594,91.34,0.0,13.0,0.0,2627.0,0.0,895015.0,,,,
2025-12-29 08:40:57.036656+00:00,event,,,,,,,,,,indicator_stress_test,indicator_stress_test ultra_aggressive BTCUSD# tests=12 passed=9 grade=B,aggressive,BTCUSD#
2025-12-29 13:41:03.510920200+05:00,metrics,19428.0,4.0,91.28,0.0,13.0,0.0,2627.0,0.0,896081.0,,,,
2025-12-29 13:41:33.644850100+05:00,metrics,19428.0,4.766,91.29,0.0,13.0,0.0,2627.0,0.0,897027.0,,,,
2025-12-29 08:41:35.553605+00:00,event,,,,,,,,,,indicator_stress_test,indicator_stress_test ultra_aggressive BTCUSD# tests=12 passed=9 grade=B,aggressive,BTCUSD#
2025-12-29 08:41:56.972377+00:00,event,,,,,,,,,,indicator_stress_test,indicator_stress_test ultra_aggressive BTCUSD# tests=12 passed=12 grade=A+,aggressive,BTCUSD#
2025-12-29 13:42:03.752677900+05:00,metrics,19428.0,5.031,91.32,0.0,13.0,0.0,2627.0,0.0,897973.0,,,,
2025-12-29 13:42:33.868649+05:00,metrics,19428.0,5.156,92.25,0.0,13.0,0.0,2627.0,0.0,899172.0,,,,
2025-12-29 13:43:03.992181600+05:00,metrics,19428.0,5.719,91.37,0.0,13.0,0.0,2627.0,0.0,900568.0,,,,
2025-12-29 13:43:34.114834800+05:00,metrics,19428.0,5.828,91.48,0.0,13.0,0.0,2627.0,0.0,901514.0,,,,
2025-12-29 13:44:04.227992500+05:00,metrics,19428.0,6.016,91.52,0.0,13.0,0.0,2627.0,0.0,902580.0,,,,
2025-12-29 13:44:34.348820800+05:00,metrics,19428.0,6.438,91.57,0.0,13.0,0.0,2627.0,0.0,903882.0,,,,
2025-12-29 13:45:04.471524500+05:00,metrics,0.0,0.0,0.0,0.0,13.0,9.0,2636.0,0.0,908608.0,,,,
2025-12-29 13:45:17.769060100+05:00,event,,,,,,,,,,rpc_pipeline_test,rpc_pipeline_test ultra_aggressive BTCUSD# 7/10 trades OK - 70% success rate,aggressive,BTCUSD#
2025-12-29 13:45:34.614401300+05:00,metrics,0.0,0.0,0.0,0.0,13.0,0.0,2636.0,0.0,908608.0,,,,
2025-12-29 13:46:04.734251500+05:00,metrics,21932.0,0.0,86.87,0.0,13.0,0.0,2636.0,0.0,913416.0,,,,
2025-12-29 13:46:34.856974+05:00,metrics,21932.0,0.547,87.58,0.0,13.0,0.0,2636.0,0.0,914346.0,,,,
2025-12-29 13:47:04.983807800+05:00,metrics,21932.0,0.859,88.16,0.0,13.0,0.0,2636.0,0.0,915276.0,,,,
2025-12-29 13:47:15.669958800+05:00,event,,,,,,,,,,session_summary,session_summary ultra_aggressive BTCUSD# Grade A- | Indicators 100% | RPC 70% | 0 errors,aggressive,BTCUSD#
2025-12-29 13:47:35.125253600+05:00,metrics,21932.0,1.156,86.04,0.0,13.0,0.0,2636.0,0.0,916397.0,,,,
2025-12-29 13:48:05.257226500+05:00,metrics,21932.0,1.484,86.95,0.0,13.0,0.0,2636.0,0.0,917489.0,,,,
2025-12-29 13:48:35.377748500+05:00,metrics,21932.0,1.75,86.18,0.0,13.0,0.0,2636.0,0.0,918425.0,,,,
2025-12-29 13:49:05.514272800+05:00,metrics,21336.0,0.0,85.92,0.0,13.0,0.0,2636.0,0.0,923351.0,,,,
2025-12-29 13:49:35.635286100+05:00,metrics,21336.0,0.406,87.35,0.0,13.0,0.0,2636.0,0.0,924434.0,,,,
2025-12-29 13:50:05.777786900+05:00,metrics,20060.0,0.0,87.16,0.0,13.0,0.0,2636.0,0.0,929516.0,,,,
2025-12-29 13:50:35.903081800+05:00,metrics,0.0,0.547,175.68,0.0,13.0,0.0,2636.0,0.0,935063.0,,,,
2025-12-29 13:51:06.045706200+05:00,metrics,20060.0,0.844,86.31,0.0,13.0,0.0,2636.0,0.0,936458.0,,,,
2025-12-29 13:51:36.172149800+05:00,metrics,20060.0,1.234,86.39,0.0,13.0,0.0,2636.0,0.0,937388.0,,,,
2025-12-29 13:52:06.346748700+05:00,metrics,0.0,2.516,174.71,0.0,13.0,0.0,2636.0,0.0,942785.0,,,,
2025-12-29 13:52:36.644721300+05:00,metrics,20060.0,3.891,86.39,0.0,13.0,0.0,2636.0,0.0,944651.0,,,,
2025-12-29 13:53:06.973740200+05:00,metrics,20060.0,4.453,86.59,0.0,13.0,0.0,2636.0,0.0,945702.0,,,,
2025-12-29 13:53:37.219904600+05:00,metrics,0.0,5.688,175.03,0.0,13.0,0.0,2636.0,0.0,951440.0,,,,
2025-12-29 13:54:07.537025800+05:00,metrics,20060.0,5.844,88.71,0.0,13.0,0.0,2636.0,0.0,952841.0,,,,
2025-12-29 13:54:37.808791+05:00,metrics,20060.0,6.734,86.88,0.0,13.0,0.0,2636.0,0.0,953936.0,,,,
2025-12-29 13:55:08.064622400+05:00,metrics,0.0,6.719,175.47,0.0,13.0,0.0,2636.0,0.0,959673.0,,,,
2025-12-29 13:55:38.336016900+05:00,metrics,20060.0,8.578,87.33,0.0,13.0,0.0,2636.0,0.0,961074.0,,,,
2025-12-29 13:56:08.623779900+05:00,metrics,0.0,9.391,174.81,0.0,13.0,0.0,2636.0,0.0,966277.0,,,,
2025-12-29 13:56:38.918398900+05:00,metrics,0.0,0.0,0.0,0.0,13.0,0.0,2636.0,0.0,967401.0,,,,
2025-12-29 13:57:09.206561400+05:00,metrics,15164.0,0.0,90.81,0.0,13.0,2.0,2638.0,0.0,972598.0,,,,
2025-12-29 13:57:18.373173+05:00,metrics,0.0,0.0,0.0,0.0,0.0,0.0,0.0,0.0,0.0,,,,
2025-12-29 13:57:39.535438+05:00,metrics,15164.0,1.312,90.72,0.0,13.0,2.0,2640.0,0.0,975193.0,,,,
2025-12-29 13:58:05.162456200+05:00,event,,,,,,,,,,session_complete,session_complete A+ BTCUSD# All systems operational - 100% success rate,,BTCUSD#
2025-12-29 13:58:09.814152800+05:00,metrics,15164.0,1.781,89.87,0.0,13.0,0.0,2640.0,0.0,976479.0,,,,
2025-12-29 13:58:40.111712200+05:00,metrics,15164.0,2.188,89.96,0.0,13.0,0.0,2640.0,0.0,977409.0,,,,
2025-12-29 13:59:10.331485400+05:00,metrics,15164.0,2.844,90.62,0.0,13.0,0.0,2640.0,0.0,978501.0,,,,
2025-12-29 13:59:40.525953+05:00,metrics,15164.0,3.297,89.94,0.0,13.0,0.0,2640.0,0.0,979437.0,,,,
2025-12-29 14:00:10.755433600+05:00,metrics,15164.0,3.984,90.04,0.0,13.0,0.0,2640.0,0.0,980488.0,,,,
2025-12-29 14:00:40.983872200+05:00,metrics,15164.0,5.516,90.28,0.0,13.0,0.0,2640.0,0.0,981424.0,,,,
2025-12-29 14:01:11.249247500+05:00,metrics,15164.0,5.359,90.4,0.0,13.0,0.0,2640.0,0.0,982360.0,,,,
2025-12-29 14:01:41.503753600+05:00,metrics,15164.0,5.875,90.49,0.0,13.0,0.0,2640.0,0.0,983455.0,,,,
2025-12-29 14:02:11.726443900+05:00,metrics,15164.0,7.172,90.87,0.0,13.0,0.0,2640.0,0.0,984391.0,,,,
2025-12-29 14:02:41.995899+05:00,metrics,15164.0,9.25,90.97,0.0,13.0,0.0,2640.0,0.0,985327.0,,,,
2025-12-29 14:03:12.239764800+05:00,metrics,15164.0,8.375,91.04,0.0,13.0,0.0,2640.0,0.0,986378.0,,,,
2025-12-29 14:03:42.487236200+05:00,metrics,15164.0,8.469,90.97,0.0,13.0,0.0,2640.0,0.0,987314.0,,,,
2025-12-29 14:04:12.711723600+05:00,metrics,15164.0,8.969,92.93,0.0,13.0,0.0,2640.0,0.0,988409.0,,,,
2025-12-29 14:04:42.960063+05:00,metrics,15164.0,10.203,91.03,0.0,13.0,0.0,2640.0,0.0,989345.0,,,,
2025-12-29 14:05:13.224227400+05:00,metrics,15164.0,11.516,91.16,0.0,13.0,0.0,2640.0,0.0,990281.0,,,,
2025-12-29 14:05:43.505709100+05:00,metrics,15164.0,11.625,91.17,0.0,13.0,0.0,2640.0,0.0,991217.0,,,,
2025-12-29 14:06:13.735157400+05:00,metrics,15164.0,10.953,91.19,0.0,13.0,0.0,2640.0,0.0,992499.0,,,,
2025-12-29 14:06:43.951203800+05:00,metrics,15164.0,12.141,93.75,0.0,13.0,0.0,2640.0,0.0,993775.0,,,,
2025-12-29 14:07:14.220954700+05:00,metrics,15164.0,12.75,94.93,0.0,13.0,0.0,2640.0,0.0,994711.0,,,,
2025-12-29 14:07:44.523732800+05:00,metrics,15164.0,13.641,95.43,0.0,13.0,0.0,2640.0,0.0,995647.0,,,,
2025-12-29 14:08:14.756243+05:00,metrics,15164.0,13.953,94.51,0.0,13.0,0.0,2640.0,0.0,996583.0,,,,
2025-12-29 14:08:44.977571800+05:00,metrics,15164.0,14.453,93.88,0.0,13.0,0.0,2640.0,0.0,997519.0,,,,
2025-12-29 14:09:15.234107300+05:00,metrics,15164.0,15.281,96.17,0.0,13.0,0.0,2640.0,0.0,998729.0,,,,
2025-12-29 14:09:45.475139400+05:00,metrics,15164.0,16.109,94.09,0.0,13.0,0.0,2640.0,0.0,999665.0,,,,
2025-12-29 14:10:15.733553+05:00,metrics,15164.0,19.875,94.65,0.0,13.0,0.0,2640.0,0.0,1000601.0,,,,
2025-12-29 14:10:45.986639300+05:00,metrics,15164.0,22.891,93.96,0.0,13.0,0.0,2640.0,0.0,1001893.0,,,,
2025-12-29 09:10:57.774714+00:00,event,,,,,,,,,,indicator_stress_test,indicator_stress_test ultra_aggressive BTCUSD# tests=12 passed=12 grade=A+,aggressive,BTCUSD#
2025-12-29 14:11:16.274716+05:00,metrics,15164.0,20.484,93.28,0.0,13.0,0.0,2640.0,0.0,1006745.0,,,,
2025-12-29 14:11:46.561869400+05:00,metrics,15164.0,22.5,94.75,0.0,13.0,0.0,2640.0,0.0,1017808.0,,,,
2025-12-29 14:12:16.881554600+05:00,metrics,15164.0,25.328,95.18,0.0,13.0,0.0,2640.0,0.0,1022775.0,,,,
2025-12-29 14:12:47.175151900+05:00,metrics,15164.0,24.859,95.45,0.0,13.0,0.0,2640.0,0.0,1023711.0,,,,
2025-12-29 14:13:17.478348100+05:00,metrics,20336.0,0.0,86.77,0.0,13.0,0.0,2640.0,0.0,1028328.0,,,,
2025-12-29 14:13:47.767199800+05:00,metrics,20336.0,1.844,93.84,0.0,13.0,37.0,2677.0,0.0,1040472.0,,,,
2025-12-29 14:14:18.062485100+05:00,metrics,20336.0,2.281,94.34,0.0,13.0,23.0,2700.0,0.0,1048205.0,,,,
2025-12-29 14:14:48.346866100+05:00,metrics,20336.0,3.25,93.75,0.0,13.0,38.0,2738.0,0.0,1060580.0,,,,
2025-12-29 14:15:18.602832200+05:00,metrics,20336.0,3.969,94.3,0.0,13.0,60.0,2798.0,0.0,1079798.0,,,,
2025-12-29 14:15:48.855730200+05:00,metrics,20336.0,4.562,94.05,0.0,13.0,58.0,2856.0,0.0,1098265.0,,,,
2025-12-29 14:16:19.101992800+05:00,metrics,20336.0,4.766,91.63,0.0,13.0,44.0,2900.0,0.0,1112575.0,,,,
2025-12-29 14:16:26.943000+05:00,event,,,,,,,,,,phase2_complete,phase2_complete ultra_aggressive BTCUSD# burst=80/80 pattern=100/100 total_success=180/180 rate=100%,aggressive,BTCUSD#
2025-12-29 14:16:49.334599100+05:00,metrics,20336.0,5.422,92.42,0.0,13.0,8.0,2908.0,0.0,1116080.0,,,,
2025-12-29 14:17:19.604376300+05:00,metrics,20336.0,5.844,90.92,0.0,13.0,2.0,2910.0,0.0,1117427.0,,,,
2025-12-29 14:17:49.841235700+05:00,metrics,20336.0,7.219,91.11,0.0,13.0,0.0,2910.0,0.0,1118524.0,,,,
2025-12-29 14:18:20.093216+05:00,metrics,21428.0,0.0,86.03,0.0,13.0,0.0,2910.0,0.0,1123375.0,,,,
2025-12-29 14:18:50.354853200+05:00,metrics,21428.0,1.547,92.84,0.0,13.0,34.0,2944.0,0.0,1134538.0,,,,
2025-12-29 14:19:16.970000+05:00,event,,,,,,,,,,phase4_complete,phase4_complete ultra_aggressive BTCUSD# symbol_fix_applied burst=20/20 uptime_min=1,aggressive,BTCUSD#
2025-12-29 14:19:20.641995+05:00,metrics,21428.0,1.719,89.79,0.0,13.0,6.0,2950.0,0.0,1137282.0,,,,
2025-12-29 14:19:50.913240600+05:00,metrics,21428.0,2.531,91.35,0.0,13.0,22.0,2972.0,0.0,1144822.0,,,,
2025-12-29 14:20:21.156905600+05:00,metrics,21428.0,3.719,91.07,0.0,13.0,59.0,3031.0,0.0,1163776.0,,,,
2025-12-29 14:20:43.655000+05:00,event,,,,,,,,,,cumulative_stats,cumulative_stats ultra_aggressive BTCUSD# rpc_ok=440 rejected=10 errors=10 uptime_min=2.5,aggressive,BTCUSD#
2025-12-29 14:20:51.428572200+05:00,metrics,21428.0,4.312,90.24,0.0,13.0,19.0,3050.0,0.0,1170281.0,,,,
2025-12-29 14:21:21.737625500+05:00,metrics,21428.0,4.812,90.93,0.0,13.0,18.0,3068.0,0.0,1176761.0,,,,
2025-12-29 14:21:51.993114900+05:00,metrics,21428.0,5.828,91.57,0.0,13.0,64.0,3132.0,0.0,1196914.0,,,,
2025-12-29 14:22:22.276999700+05:00,metrics,21428.0,6.328,93.68,0.0,13.0,64.0,3196.0,0.0,1217091.0,,,,
2025-12-29 14:22:52.551654+05:00,metrics,21428.0,7.062,90.84,7.0,20.0,47.0,3243.0,0.0,1234189.0,,,,
2025-12-29 14:23:07.365000+05:00,event,,,,,,,,,,phase5_checkpoint,phase5_checkpoint ultra_aggressive BTCUSD# total_ok=540 uptime_min=4.9 errors=7 grade=A+,aggressive,BTCUSD#
2025-12-29 14:23:22.824822+05:00,metrics,21428.0,6.938,91.02,0.0,20.0,0.0,3243.0,0.0,1235286.0,,,,
2025-12-29 14:23:53.106954600+05:00,metrics,21428.0,7.641,91.61,9.0,29.0,9.0,3252.0,0.0,1241455.0,,,,
2025-12-29 14:24:23.412062700+05:00,metrics,21428.0,8.891,91.57,30.0,59.0,30.0,3282.0,0.0,1260106.0,,,,
2025-12-29 14:24:53.700354900+05:00,metrics,21428.0,9.859,91.07,11.0,70.0,11.0,3293.0,0.0,1267255.0,,,,
2025-12-29 14:25:23.973021300+05:00,metrics,21428.0,10.359,91.59,26.0,96.0,26.0,3319.0,0.0,1283309.0,,,,
2025-12-29 14:25:54.264058400+05:00,metrics,21428.0,10.953,91.51,31.0,127.0,31.0,3350.0,0.0,1302328.0,,,,
2025-12-29 14:26:24.566406200+05:00,metrics,21428.0,11.422,91.83,30.0,157.0,30.0,3380.0,0.0,1320692.0,,,,
2025-12-29 14:26:54.896533400+05:00,metrics,21428.0,13.25,91.39,13.0,170.0,13.0,3393.0,0.0,1329147.0,,,,
2025-12-29 14:26:56.698000+05:00,event,,,,,,,,,,stress_test_progress,stress_test_progress ultra_aggressive BTCUSD# total_ok=690 uptime_min=8.7 system_errors=0 grade=A+,aggressive,BTCUSD#
2025-12-29 14:27:25.200649900+05:00,metrics,21428.0,14.344,94.54,11.0,181.0,11.0,3404.0,0.0,1336570.0,,,,
2025-12-29 14:27:55.524813200+05:00,metrics,21428.0,15.875,97.04,32.0,213.0,32.0,3436.0,0.0,1356047.0,,,,
2025-12-29 14:28:25.958989200+05:00,metrics,21428.0,15.656,92.18,33.0,246.0,33.0,3469.0,0.0,1376309.0,,,,
2025-12-29 14:28:56.217116900+05:00,metrics,21428.0,15.219,91.57,24.0,270.0,24.0,3493.0,0.0,1391151.0,,,,
2025-12-29 14:29:02.650000+05:00,metrics,0.0,790.0,0.0,0.0,0.0,0.0,0.0,0.0,0.0,,,,
2025-12-29 09:29:14.043521+00:00,event,,,,,,,,,,indicator_stress_test,indicator_stress_test ultra_aggressive BTCUSD# tests=12 passed=11 grade=A,aggressive,BTCUSD#
2025-12-29 14:29:26.520720700+05:00,metrics,21428.0,17.25,92.35,3.0,273.0,3.0,3496.0,0.0,1393837.0,,,,
2025-12-29 14:29:56.937624+05:00,metrics,21428.0,18.203,80.84,33.0,306.0,33.0,3529.0,0.0,1413627.0,,,,
2025-12-29 14:30:27.342880300+05:00,metrics,21428.0,20.812,81.82,33.0,339.0,33.0,3562.0,0.0,1433710.0,,,,
2025-12-29 14:30:57.660916700+05:00,metrics,21428.0,20.938,81.77,32.0,371.0,32.0,3594.0,0.0,1453492.0,,,,
2025-12-29 14:31:27.969896200+05:00,metrics,21428.0,21.109,84.27,32.0,403.0,32.0,3626.0,0.0,1473037.0,,,,
2025-12-29 14:31:58.301589400+05:00,metrics,21428.0,22.766,84.56,17.0,420.0,17.0,3643.0,0.0,1484102.0,,,,
2025-12-29 14:32:04.455000+05:00,metrics,0.0,940.0,0.0,0.0,0.0,0.0,0.0,0.0,0.0,,,,
2025-12-29 14:32:28.691139400+05:00,metrics,21428.0,20.953,74.61,0.0,420.0,0.0,3643.0,0.0,1485048.0,,,,
2025-12-29 14:32:58.943628200+05:00,metrics,21428.0,20.391,76.5,0.0,420.0,0.0,3643.0,0.0,1485994.0,,,,
2025-12-29 14:33:29.229963100+05:00,metrics,21428.0,21.344,76.69,0.0,420.0,0.0,3643.0,0.0,1487222.0,,,,
2025-12-29 14:33:59.498463900+05:00,metrics,21428.0,22.797,85.66,0.0,420.0,0.0,3643.0,0.0,1487926.0,,,,
2025-12-29 14:34:29.758445100+05:00,metrics,21428.0,24.125,73.49,0.0,420.0,0.0,3643.0,0.0,1489114.0,,,,
2025-12-29 14:35:00.025855700+05:00,metrics,21428.0,23.891,73.5,0.0,420.0,0.0,3643.0,0.0,1490060.0,,,,
2025-12-29 14:35:30.283634400+05:00,metrics,21428.0,22.109,75.85,0.0,420.0,0.0,3643.0,0.0,1491006.0,,,,
2025-12-29 14:36:00.551039500+05:00,metrics,21428.0,23.094,73.98,0.0,420.0,0.0,3643.0,0.0,1492113.0,,,,
2025-12-29 14:36:30.831660+05:00,metrics,21428.0,23.641,75.96,0.0,420.0,0.0,3643.0,0.0,1493181.0,,,,
2025-12-29 14:37:01.079007500+05:00,metrics,21428.0,25.891,84.75,0.0,420.0,0.0,3643.0,0.0,1493885.0,,,,
2025-12-29 14:37:31.401275200+05:00,metrics,21428.0,27.906,85.88,0.0,420.0,0.0,3643.0,0.0,1494831.0,,,,
2025-12-29 14:38:01.730482100+05:00,metrics,21428.0,28.703,84.45,0.0,420.0,0.0,3643.0,0.0,1495777.0,,,,
2025-12-29 14:38:31.997687500+05:00,metrics,21428.0,28.531,86.43,0.0,420.0,0.0,3643.0,0.0,1496884.0,,,,
2025-12-29 14:39:02.299877100+05:00,metrics,21428.0,29.75,84.45,0.0,420.0,0.0,3643.0,0.0,1497830.0,,,,
2025-12-29 14:39:32.662197200+05:00,metrics,21428.0,29.172,79.15,0.0,420.0,0.0,3643.0,0.0,1499160.0,,,,
2025-12-29 14:40:02.998821300+05:00,metrics,21428.0,28.281,74.59,0.0,420.0,0.0,3643.0,0.0,1500228.0,,,,
2025-12-29 14:40:33.345828200+05:00,metrics,21428.0,29.188,79.62,0.0,420.0,0.0,3643.0,0.0,1500701.0,,,,
2025-12-29 14:41:03.638362100+05:00,metrics,13080.0,0.0,85.93,0.0,420.0,0.0,3643.0,0.0,1505534.0,,,,
2025-12-29 14:41:33.964005900+05:00,metrics,13080.0,0.953,87.04,0.0,420.0,0.0,3643.0,0.0,1506474.0,,,,
2025-12-29 14:42:04.275902200+05:00,metrics,22436.0,0.0,86.01,0.0,420.0,0.0,3643.0,0.0,1511108.0,,,,
2025-12-29 14:42:34.621634800+05:00,metrics,22436.0,1.0,87.41,0.0,420.0,0.0,3643.0,0.0,1512244.0,,,,
2025-12-29 14:43:04.997096300+05:00,metrics,22436.0,1.625,87.56,0.0,420.0,0.0,3643.0,0.0,1513184.0,,,,
2025-12-29 14:43:35.326459300+05:00,metrics,22436.0,2.438,85.46,0.0,420.0,0.0,3643.0,0.0,1514124.0,,,,
2025-12-29 14:44:05.611049200+05:00,metrics,22436.0,2.875,85.48,0.0,420.0,0.0,3643.0,0.0,1515064.0,,,,
2025-12-29 14:44:35.902407400+05:00,metrics,22436.0,3.547,86.11,0.0,420.0,0.0,3643.0,0.0,1516400.0,,,,
2025-12-29 14:45:06.215640500+05:00,metrics,22436.0,4.5,86.99,0.0,420.0,0.0,3643.0,0.0,1517468.0,,,,
2025-12-29 14:45:36.540827300+05:00,metrics,22436.0,5.297,87.9,0.0,420.0,0.0,3643.0,0.0,1518414.0,,,,
2025-12-29 14:46:06.890774400+05:00,metrics,22436.0,6.141,88.99,0.0,420.0,0.0,3643.0,0.0,1519360.0,,,,
2025-12-29 14:46:37.188245500+05:00,metrics,22436.0,6.5,88.68,0.0,420.0,0.0,3643.0,0.0,1520306.0,,,,
2025-12-29 14:46:39,metrics,0.0,0.0,0.0,0.0,0.0,0.0,0.0,0.0,0.0,,,,
2025-12-29 14:47:07.505026700+05:00,metrics,22436.0,7.047,89.57,0.0,420.0,0.0,3643.0,0.0,1521411.0,,,,
2025-12-29 14:47:37.809461600+05:00,metrics,22436.0,7.672,90.2,0.0,420.0,0.0,3643.0,0.0,1522357.0,,,,
2025-12-29 14:48:08.114376700+05:00,metrics,22436.0,8.344,88.76,0.0,420.0,0.0,3643.0,0.0,1523425.0,,,,
2025-12-29 14:48:38.426495800+05:00,metrics,22436.0,8.562,88.75,0.0,420.0,0.0,3643.0,0.0,1524371.0,,,,
2025-12-29 14:49:08.733324700+05:00,metrics,22436.0,9.609,89.2,0.0,420.0,0.0,3643.0,0.0,1525317.0,,,,
2025-12-29 14:49:39.016445100+05:00,metrics,22436.0,10.453,91.77,0.0,420.0,0.0,3643.0,0.0,1526422.0,,,,
2025-12-29 14:50:09.283580300+05:00,metrics,22436.0,10.781,88.33,0.0,420.0,0.0,3643.0,0.0,1527368.0,,,,
2025-12-29 14:50:39.544462100+05:00,metrics,22436.0,11.219,89.92,0.0,420.0,0.0,3643.0,0.0,1528314.0,,,,
2025-12-29 14:51:09.792863600+05:00,metrics,22436.0,12.109,90.25,0.0,420.0,0.0,3643.0,0.0,1529382.0,,,,
2025-12-29 14:51:40.058020700+05:00,metrics,22436.0,13.062,90.66,0.0,420.0,0.0,3643.0,0.0,1530328.0,,,,
2025-12-29 14:52:10.322308900+05:00,metrics,22436.0,14.281,91.04,0.0,420.0,0.0,3643.0,0.0,1531433.0,,,,
2025-12-29 14:52:40.667287900+05:00,metrics,22436.0,15.922,90.97,0.0,420.0,0.0,3643.0,0.0,1532379.0,,,,
2025-12-29 14:53:10.975130800+05:00,metrics,22436.0,16.297,91.26,0.0,420.0,0.0,3643.0,0.0,1533325.0,,,,
2025-12-29 14:53:41.257048200+05:00,metrics,3044.0,0.0,86.3,0.0,420.0,0.0,3643.0,0.0,1538077.0,,,,
2025-12-29 14:54:11.567516500+05:00,metrics,3044.0,1.047,86.52,0.0,420.0,0.0,3643.0,0.0,1539017.0,,,,
2025-12-29 14:54:41.889566+05:00,metrics,3044.0,1.594,86.56,0.0,420.0,0.0,3643.0,0.0,1539957.0,,,,
2025-12-29 14:55:12.215851700+05:00,metrics,0.0,0.0,0.0,0.0,420.0,0.0,3643.0,0.0,1540897.0,,,,
2025-12-29 14:55:42.539094500+05:00,metrics,22604.0,0.0,87.17,0.0,420.0,0.0,3643.0,0.0,1545484.0,,,,
2025-12-29 14:56:12.841414200+05:00,metrics,22604.0,1.203,86.8,0.0,420.0,0.0,3643.0,0.0,1546424.0,,,,
2025-12-29 14:56:41+00:00,metrics,42.0,0.0,0.0,0.0,5.0,0.0,0.0,0.0,0.0,,,,
2025-12-29 14:56:43.162803300+05:00,metrics,22604.0,1.875,86.28,0.0,420.0,0.0,3643.0,0.0,1547364.0,,,,
2025-12-29 14:57:13.490146400+05:00,metrics,22604.0,2.531,86.38,0.0,420.0,0.0,3643.0,0.0,1548304.0,,,,
2025-12-29 14:57:43.832894600+05:00,metrics,22604.0,3.078,86.3,0.0,420.0,0.0,3643.0,0.0,1549406.0,,,,
2025-12-29 14:58:14.099592600+05:00,metrics,22604.0,3.734,87.88,0.0,420.0,0.0,3643.0,0.0,1550583.0,,,,
2025-12-29 14:58:44.454382100+05:00,metrics,23240.0,0.0,51.5,0.0,420.0,0.0,3643.0,0.0,1551419.0,,,,
2025-12-29 14:59:14.745190100+05:00,metrics,23240.0,1.672,90.71,0.0,420.0,10.0,3653.0,0.0,1559250.0,,,,
2025-12-29 14:59:45.039168100+05:00,metrics,23240.0,1.469,91.23,0.0,420.0,12.0,3665.0,0.0,1564030.0,,,,
2025-12-29 14:59:55+00:00,event,,,,,,,,,,1.2,1.2 10 0 1924.85 5 A+ trending_down_strong RPC stress test 10/10 OK,,
2025-12-29 15:00:15.342653300+05:00,metrics,23240.0,2.109,91.97,0.0,420.0,20.0,3685.0,0.0,1571183.0,,,,
2025-12-29 15:00:45.713917400+05:00,metrics,23240.0,3.188,92.81,0.0,420.0,54.0,3739.0,0.0,1588187.0,,,,
2025-12-29 15:01:16.032485300+05:00,metrics,23240.0,4.25,95.18,0.0,420.0,26.0,3765.0,0.0,1597070.0,,,,
2025-12-29 15:01:29+00:00,event,,,,,,,,,,2.7,2.7 60 0 ? 5 A+ trending_down_strong Heavy stress 50/50 trades OK - 0 errors,,
2025-12-29 15:01:46.387366900+05:00,metrics,23240.0,4.656,96.37,0.0,420.0,0.0,3765.0,0.0,1598016.0,,,,
2025-12-29 15:02:16.743852200+05:00,metrics,23240.0,5.078,94.05,0.0,420.0,0.0,3765.0,0.0,1599083.0,,,,
2025-12-29 15:02:47.082578800+05:00,metrics,23240.0,5.797,92.21,0.0,420.0,0.0,3765.0,0.0,1600029.0,,,,
2025-12-29 15:03:17.396912600+05:00,metrics,23240.0,5.531,92.86,0.0,420.0,12.0,3777.0,0.0,1604779.0,,,,
2025-12-29 15:03:47.820384600+05:00,metrics,23240.0,9.094,93.14,0.0,420.0,58.0,3835.0,0.0,1623190.0,,,,
2025-12-29 15:04:17+00:00,event,,,,,,,,,,5.5,5.5 110 0 ? 5 A+ trending_down_strong Pattern stress 50/50 OK - Total 110+ trades,,
2025-12-29 15:04:18.189888500+05:00,metrics,23240.0,8.141,93.77,0.0,420.0,30.0,3865.0,0.0,1633196.0,,,,
2025-12-29 15:04:48.527844400+05:00,metrics,23240.0,8.25,94.31,0.0,420.0,0.0,3865.0,0.0,1634142.0,,,,
2025-12-29 15:05:18.832126900+05:00,metrics,23240.0,8.422,93.93,0.0,420.0,0.0,3865.0,0.0,1635209.0,,,,
2025-12-29 15:05:49.196339400+05:00,metrics,23240.0,11.906,94.05,0.0,420.0,0.0,3865.0,0.0,1636155.0,,,,
2025-12-29 15:06:19.583486800+05:00,metrics,23240.0,11.391,95.11,0.0,420.0,54.0,3919.0,0.0,1653528.0,,,,
2025-12-29 15:06:49.966183600+05:00,metrics,23240.0,12.891,95.29,0.0,420.0,56.0,3975.0,0.0,1671358.0,,,,
2025-12-29 15:07:20.352009+05:00,metrics,23240.0,13.5,95.8,0.0,420.0,56.0,4031.0,0.0,1689196.0,,,,
2025-12-29 15:07:50.739077100+05:00,metrics,23240.0,15.047,95.54,0.0,420.0,34.0,4065.0,0.0,1700369.0,,,,
2025-12-29 15:08:03+00:00,metrics,9.0,210.0,0.0,0.0,5.0,0.0,0.0,0.0,0.0,,,,
2025-12-29 15:08:21.135874+05:00,metrics,23240.0,15.234,96.12,0.0,420.0,0.0,4065.0,0.0,1701436.0,,,,
2025-12-29 15:08:51.532514600+05:00,metrics,23240.0,15.406,96.47,0.0,420.0,0.0,4065.0,0.0,1702543.0,,,,
2025-12-29 15:09:21.898430300+05:00,metrics,23240.0,15.656,91.5,0.0,420.0,0.0,4065.0,0.0,1703489.0,,,,
2025-12-29 15:09:52.220212800+05:00,metrics,23240.0,14.828,92.55,0.0,420.0,0.0,4065.0,0.0,1704435.0,,,,
2025-12-29 15:10:22.543942900+05:00,metrics,23240.0,15.688,92.1,0.0,420.0,0.0,4065.0,0.0,1705381.0,,,,
2025-12-29 15:10:52.823218400+05:00,metrics,23240.0,15.281,92.5,0.0,420.0,26.0,4091.0,0.0,1714138.0,,,,
2025-12-29 15:11:23.147740100+05:00,metrics,23240.0,17.328,92.76,0.0,420.0,61.0,4152.0,0.0,1733763.0,,,,
2025-12-29 15:11:48+00:00,metrics,13.0,260.0,0.0,0.0,5.0,0.0,0.0,0.0,0.0,,,,
2025-12-29 15:11:53.455411100+05:00,metrics,23240.0,18.625,90.45,0.0,420.0,13.0,4165.0,0.0,1738495.0,,,,
2025-12-29 15:12:23.826453500+05:00,metrics,23240.0,19.359,93.68,0.0,420.0,0.0,4165.0,0.0,1739441.0,,,,
2025-12-29 15:12:54.154759600+05:00,metrics,23240.0,18.672,94.13,0.0,420.0,0.0,4165.0,0.0,1740387.0,,,,
2025-12-29 15:13:24.475583900+05:00,metrics,23240.0,20.203,93.69,0.0,420.0,0.0,4165.0,0.0,1741333.0,,,,
2025-12-29 15:13:54.853400500+05:00,metrics,23240.0,25.062,94.45,0.0,420.0,0.0,4165.0,0.0,1742440.0,,,,
2025-12-29 15:14:25.277609800+05:00,metrics,23240.0,24.281,93.64,0.0,420.0,0.0,4165.0,0.0,1743507.0,,,,
2025-12-29 15:14:55.724056700+05:00,metrics,23240.0,25.781,94.01,0.0,420.0,0.0,4165.0,0.0,1744453.0,,,,
2025-12-29 15:15:26.117210400+05:00,metrics,23240.0,26.469,94.92,0.0,420.0,0.0,4165.0,0.0,1745399.0,,,,
2025-12-29 15:15:56.503166900+05:00,metrics,23240.0,25.516,92.75,0.0,420.0,56.0,4221.0,0.0,1763169.0,,,,
2025-12-29 15:16:26.868467200+05:00,metrics,23240.0,28.156,93.83,18.0,438.0,41.0,4262.0,0.0,1781831.0,,,,
2025-12-29 15:16:57.295221800+05:00,metrics,23240.0,29.078,93.15,32.0,470.0,31.0,4293.0,0.0,1800955.0,,,,
2025-12-29 15:17:27.718273400+05:00,metrics,23240.0,29.172,92.92,32.0,502.0,32.0,4325.0,0.0,1820380.0,,,,
2025-12-29 15:17:58.102442400+05:00,metrics,23240.0,29.453,92.05,31.0,533.0,31.0,4356.0,0.0,1839549.0,,,,
2025-12-29 15:18:28.513813100+05:00,metrics,23240.0,29.578,91.52,32.0,565.0,32.0,4388.0,0.0,1859176.0,,,,
2025-12-29 15:18:58.854896400+05:00,metrics,23240.0,29.094,90.95,16.0,581.0,16.0,4404.0,0.0,1869302.0,,,,
2025-12-29 15:19:04+00:00,event,,,,,,,,,,20.3,20.3 460 0 ? 5 A+ trending_down_strong MAXIMUM STRESS 200/200 at 10/sec - PHENOMENAL,,
2025-12-29 15:19:29.211485300+05:00,metrics,23240.0,29.641,88.48,0.0,581.0,0.0,4404.0,0.0,1870248.0,,,,
2025-12-29 15:19:59.512173300+05:00,metrics,23240.0,29.922,88.97,0.0,581.0,0.0,4404.0,0.0,1871194.0,,,,
2025-12-29 15:20:29.878832200+05:00,metrics,23240.0,29.719,98.16,0.0,581.0,0.0,4404.0,0.0,1871788.0,,,,
2025-12-29 15:21:00.316283+05:00,metrics,23240.0,29.422,94.64,0.0,581.0,0.0,4404.0,0.0,1872734.0,,,,
2025-12-29 15:21:30.645504400+05:00,metrics,23240.0,29.953,93.22,0.0,581.0,0.0,4404.0,0.0,1873680.0,,,,
2025-12-29 15:22:00.964047800+05:00,metrics,23240.0,29.703,91.0,0.0,581.0,0.0,4404.0,0.0,1874787.0,,,,
2025-12-29 15:22:31.395317+05:00,metrics,23240.0,29.844,90.48,0.0,581.0,0.0,4404.0,0.0,1875733.0,,,,
2025-12-29 15:25:43+00:00,metrics,27.0,560.0,0.0,0.0,5.0,0.0,0.0,0.0,0.0,,,,
2025-12-29 15:35:29,event,,,,,,,,,,stress_test_realistic,stress_test_realistic OK 1924.85 ranging medium,,
2025-12-29 15:59:23,metrics,28.0,0.0,0.0,2018.0,163.0,0.0,0.0,0.0,0.0,,,,
2025-12-29 18:34:24,metrics,50.0,787.22,772.14,-15.0,0.0,0.0,0.0,0.0,0.0,,,,
2025-12-29 19:02:29,event,,,,,,,,,,1,1 Conservative 787.22 787.22 0 0 0 START,conservative,
2025-12-29 19:03:29,metrics,1.0,0.0,787.22,775.0,50.0,-11.0,1.0,0.0,0.0,,,,
2025-12-29 19:04:29,metrics,1.0,0.0,787.22,773.0,50.0,-13.0,1.0,0.0,0.0,,,,
2025-12-29 19:05:30,metrics,1.0,0.0,787.22,767.0,50.0,-19.0,2.0,0.0,0.0,,,,
2025-12-29 19:07:49,metrics,1.0,0.0,787.22,776.0,50.0,-11.0,1.0,0.0,0.0,,,,
2025-12-29 19:08:49,metrics,1.0,0.0,787.22,776.0,50.0,-10.0,1.0,0.0,0.0,,,,
2025-12-29 19:09:49,metrics,1.0,0.0,787.22,766.0,50.0,-20.0,2.0,0.0,0.0,,,,
2025-12-29 19:10:49,metrics,1.0,0.0,787.22,772.0,50.0,-15.0,1.0,0.0,0.0,,,,
2025-12-29 19:11:49,metrics,1.0,0.0,787.22,772.0,50.0,-14.0,1.0,0.0,0.0,,,,
2025-12-29 19:12:50,metrics,1.0,0.0,787.22,771.0,50.0,-15.0,1.0,0.0,0.0,,,,
2025-12-29 19:13:50,metrics,1.0,0.0,787.22,774.0,50.0,-12.0,1.0,0.0,0.0,,,,
2025-12-29 19:14:50,metrics,1.0,0.0,787.22,783.0,50.0,-4.0,0.0,0.0,0.0,,,,
2025-12-29 19:15:50,metrics,1.0,0.0,787.22,784.0,50.0,-2.0,0.0,0.0,0.0,,,,
2025-12-29 19:16:50,metrics,1.0,0.0,787.22,790.0,50.0,2.0,0.0,0.0,0.0,,,,
2025-12-29 19:17:50,metrics,1.0,0.0,787.22,786.0,50.0,0.0,0.0,0.0,0.0,,,,
2025-12-29 19:18:50,metrics,1.0,0.0,787.22,787.0,50.0,0.0,0.0,0.0,0.0,,,,
2025-12-29 19:19:51,metrics,1.0,0.0,787.22,781.0,50.0,-5.0,1.0,0.0,0.0,,,,
2025-12-29 19:20:51,metrics,1.0,0.0,787.22,780.0,50.0,-6.0,1.0,0.0,0.0,,,,
2025-12-29 19:21:51,metrics,1.0,0.0,787.22,782.0,50.0,-4.0,0.0,0.0,0.0,,,,
2025-12-29 19:22:51,metrics,1.0,0.0,787.22,777.0,50.0,-9.0,1.0,0.0,0.0,,,,
2025-12-29 19:23:51,metrics,1.0,0.0,787.22,781.0,50.0,-6.0,1.0,0.0,0.0,,,,
2025-12-29 19:24:51,metrics,1.0,0.0,787.22,781.0,50.0,-5.0,1.0,0.0,0.0,,,,
2025-12-29 19:25:52,metrics,1.0,0.0,787.22,783.0,50.0,-3.0,0.0,0.0,0.0,,,,
2025-12-29 19:26:52,metrics,1.0,0.0,787.22,783.0,50.0,-4.0,0.0,0.0,0.0,,,,
2025-12-29 19:27:52,metrics,1.0,0.0,787.22,788.0,50.0,1.0,0.0,0.0,0.0,,,,
2025-12-29 19:28:52,metrics,1.0,0.0,787.22,790.0,50.0,3.0,0.0,0.0,0.0,,,,
2025-12-29 19:29:52,metrics,1.0,0.0,787.22,802.0,50.0,15.0,0.0,0.0,0.0,,,,
2025-12-29 19:30:52,metrics,1.0,0.0,787.22,782.0,50.0,-4.0,2.0,0.0,0.0,,,,
2025-12-29 19:31:53,metrics,1.0,0.0,787.22,801.0,50.0,14.0,0.0,0.0,0.0,,,,
2025-12-29 19:32:53,metrics,1.0,0.0,787.22,830.0,50.0,42.0,0.0,0.0,0.0,,,,
2025-12-29 19:33:53,metrics,1.0,0.0,787.22,816.0,50.0,29.0,1.0,0.0,0.0,,,,
2025-12-29 19:34:53,metrics,1.0,0.0,787.22,837.0,50.0,50.0,0.0,0.0,0.0,,,,
2025-12-29 19:35:53,metrics,1.0,0.0,787.22,843.0,50.0,56.0,0.0,0.0,0.0,,,,
2025-12-29 19:36:53,metrics,1.0,0.0,787.22,852.0,50.0,65.0,0.0,0.0,0.0,,,,
2025-12-29 19:37:54,metrics,1.0,0.0,717.06,832.0,42.0,115.0,2.0,0.0,0.0,,,,
2025-12-29 19:38:54,metrics,1.0,0.0,717.06,829.0,42.0,112.0,2.0,0.0,0.0,,,,
2025-12-29 19:39:54,metrics,1.0,0.0,717.06,828.0,42.0,111.0,2.0,0.0,0.0,,,,
2025-12-29 19:40:54,metrics,1.0,0.0,717.06,832.0,42.0,115.0,2.0,0.0,0.0,,,,
2025-12-29 19:41:54,metrics,1.0,0.0,717.06,814.0,42.0,97.0,4.0,0.0,0.0,,,,
2025-12-29 19:42:54,metrics,1.0,0.0,717.06,838.0,42.0,121.0,1.0,0.0,0.0,,,,
2025-12-29 19:43:54,metrics,1.0,0.0,717.06,824.0,42.0,107.0,3.0,0.0,0.0,,,,
2025-12-29 19:44:55,metrics,1.0,0.0,717.06,839.0,42.0,122.0,1.0,0.0,0.0,,,,
2025-12-29 19:45:55,metrics,1.0,0.0,717.06,821.0,42.0,104.0,3.0,0.0,0.0,,,,
2025-12-29 19:46:55,metrics,1.0,0.0,717.06,823.0,42.0,106.0,3.0,0.0,0.0,,,,
2025-12-29 19:47:55,metrics,1.0,0.0,717.06,838.0,42.0,121.0,1.0,0.0,0.0,,,,
2025-12-29 19:48:55,metrics,1.0,0.0,717.06,824.0,42.0,107.0,3.0,0.0,0.0,,,,
2025-12-29 19:49:55,metrics,1.0,0.0,717.06,819.0,42.0,102.0,3.0,0.0,0.0,,,,
2025-12-29 19:53:48,metrics,45.0,0.0,717.06,819.0,42.0,102.0,3.0,0.0,0.0,,,,
2025-12-29 19:55:04,event,,,,,,,,,,restart,restart Conservative restarted_by_monitor PID=13328,conservative,
2025-12-29 19:56:55,event,,,,,,,,,,restart,restart Conservative 717.06 restarted_after_crash PID=6400,conservative,
2025-12-29 19:58:58,metrics,2.0,0.0,717.06,0.0,0.0,0.0,0.0,0.0,0.0,,,,
2025-12-29 20:01:29,metrics,4.0,0.0,717.06,0.0,0.0,0.0,0.0,0.0,0.0,,,,
2025-12-29 20:04:47,metrics,8.0,0.0,717.06,0.0,0.0,0.0,0.0,0.0,0.0,,,,
2025-12-29 20:06:01,event,,,,,,,,,,9,9 Conservative 717.06 rpc_trade_executed ticket=601778397 price=87379.90 status=FILLED,conservative,
2025-12-29 20:08:51,metrics,12.0,0.0,717.06,0.0,0.0,0.0,0.0,0.0,0.0,,,,
2025-12-30 11:45:23+00:00,event,,,,,,,,,,PHASE2_START,PHASE2_START 707.85 43 0 balanced running,balanced,
2025-12-30 11:54:10+00:00,event,,,,,,,,,,PHASE2_PROGRESS,PHASE2_PROGRESS 9.8 13 0 balanced stable,balanced,
2025-12-30 12:05:09+00:00,event,,,,,,,,,,PHASE2,PHASE2 20.8 28 0 balanced stable,balanced,
2025-12-30 16:44:14,event,,,,,,,,,,597.46,597.46 749.75 152.29 31 31 0 1384.3 balanced phase2,balanced,
2025-12-30 16:48:20,event,,,,,,,,,,597.46,597.46 LIVE 31 0 balanced phase2_active,balanced,
2025-12-30 16:50:42,event,,,,,,,,,,597.46,597.46 745.41 147.95 31 31 0 balanced phase2_running,balanced,
2025-12-30 16:53:13,metrics,597.0,726.42,128.96,31.0,31.0,0.0,0.0,0.0,0.0,,,,
2025-12-30 16:58:58,event,,,,,,,,,,balanced,balanced phase2,balanced,
2025-12-30 17:00:58,event,,,,,,,,,,balanced,balanced phase2,balanced,
2025-12-30 17:02:58,event,,,,,,,,,,balanced,balanced phase2,balanced,
2025-12-30 17:04:58,event,,,,,,,,,,balanced,balanced phase2,balanced,
2025-12-30 17:06:58,event,,,,,,,,,,balanced,balanced phase2,balanced,
2025-12-30 17:12:32,event,,,,,,,,,,balanced,balanced phase2_loop35,balanced,
2025-12-30 17:17:33,event,,,,,,,,,,balanced,balanced phase2_loop41,balanced,
2025-12-30 17:22:33,event,,,,,,,,,,balanced,balanced phase2_loop48,balanced,
2025-12-30 17:27:33,event,,,,,,,,,,balanced,balanced phase2_loop55,balanced,
2025-12-30 17:32:33,event,,,,,,,,,,balanced,balanced phase2_loop61,balanced,
2025-12-30 17:37:33,event,,,,,,,,,,balanced,balanced phase2_loop68,balanced,
2025-12-30 17:42:33,event,,,,,,,,,,balanced,balanced phase2_loop75,balanced,
2025-12-30 17:47:34,event,,,,,,,,,,balanced,balanced phase2_loop81,balanced,
2025-12-30 17:53:53,event,,,,,,,,,,aggressive,aggressive phase3_loop11,aggressive,
2025-12-30 17:58:53,event,,,,,,,,,,aggressive,aggressive phase3_loop21,aggressive,
2025-12-30 18:03:54,event,,,,,,,,,,aggressive,aggressive phase3_loop31,aggressive,
2025-12-30 18:08:54,event,,,,,,,,,,aggressive,aggressive phase3_loop41,aggressive,
2025-12-30 18:13:54,event,,,,,,,,,,aggressive,aggressive phase3_loop?,aggressive,
2025-12-30 18:18:54,event,,,,,,,,,,aggressive,aggressive phase3_loop61,aggressive,
2025-12-30 18:23:54,event,,,,,,,,,,aggressive,aggressive phase3_loop71,aggressive,
2025-12-30 18:28:54,event,,,,,,,,,,aggressive,aggressive phase3_loop81,aggressive,
2025-12-30 18:33:55,event,,,,,,,,,,aggressive,aggressive phase3_loop91,aggressive,
2025-12-30 18:38:55,event,,,,,,,,,,aggressive,aggressive phase3_loop101,aggressive,
2025-12-30 18:43:55,event,,,,,,,,,,aggressive,aggressive phase3_loop111,aggressive,
2025-12-30 18:48:55,event,,,,,,,,,,aggressive,aggressive phase3_loop121,aggressive,
2025-12-30 18:55:04,event,,,,,,,,,,ultra_aggressive,ultra_aggressive phase4_loop22,aggressive,
2025-12-30 19:00:04,event,,,,,,,,,,ultra_aggressive,ultra_aggressive phase4_loop42,aggressive,
2025-12-30 19:05:04,event,,,,,,,,,,ultra_aggressive,ultra_aggressive phase4_loop62,aggressive,
2025-12-30 19:10:05,event,,,,,,,,,,ultra_aggressive,ultra_aggressive phase4_loop82,aggressive,
2025-12-30 19:15:05,event,,,,,,,,,,ultra_aggressive,ultra_aggressive phase4_loop102,aggressive,
2025-12-30 19:20:05,event,,,,,,,,,,ultra_aggressive,ultra_aggressive phase4_loop122,aggressive,
2025-12-30 19:25:05,event,,,,,,,,,,ultra_aggressive,ultra_aggressive phase4_loop142,aggressive,
2025-12-30 19:30:05,event,,,,,,,,,,ultra_aggressive,ultra_aggressive phase4_loop162,aggressive,
2025-12-30 19:35:05,event,,,,,,,,,,ultra_aggressive,ultra_aggressive phase4_loop180,aggressive,
2025-12-30 19:40:06,event,,,,,,,,,,ultra_aggressive,ultra_aggressive phase4_loop195,aggressive,
2025-12-30 19:45:06,event,,,,,,,,,,ultra_aggressive,ultra_aggressive phase4_loop207,aggressive,
2025-12-30 19:50:06,event,,,,,,,,,,ultra_aggressive,ultra_aggressive phase4_loop219,aggressive,
