timestamp,account_balance,account_equity,account_margin,account_free_margin,account_margin_level,starting_balance,realized_pnl,unrealized_pnl,total_pnl,total_trades,winning_trades,losing_trades,breakeven_trades,active_positions,positions_opened_total,gross_profit,gross_loss,net_profit,avg_win,avg_loss,largest_win,largest_loss,win_rate,profit_factor,expectancy,avg_trade_duration,median_trade_duration,shortest_trade,longest_trade,trades_per_hour,trades_today,daily_pnl,weekly_pnl,monthly_pnl,max_drawdown_pct,max_drawdown_abs,current_drawdown_pct,current_drawdown_abs,max_drawdown_duration_seconds,current_drawdown_duration_seconds,drawdown_recovery_time_seconds,drawdown_frequency_per_hour,avg_drawdown_pct,peak_equity,trough_equity,equity_curve_slope,risk_reward_ratio,median_risk_reward,rr_count,sharpe_ratio,sortino_ratio,calmar_ratio,omega_ratio,k_ratio,recovery_factor,ulcer_index,rolling_sharpe_50,rolling_sharpe_100,var_95,avg_slippage_pips,median_slippage_pips,max_slippage_pips,avg_execution_time_ms,median_execution_time_ms,max_execution_time_ms,fill_rate_pct,order_rejection_rate_pct,partial_fills,requotes,orders_total,orders_filled,signals_generated_total,signals_approved_total,signals_rejected_total,signal_approval_rate_pct,sma_crossover_signals,rsi_signals,macd_signals,combined_signals,spread_rejections,position_limit_rejections,drawdown_limit_rejections,exposure_limit_rejections,daily_loss_limit_rejections,strategy_sma_trades,strategy_momentum_trades,strategy_mean_reversion_trades,exit_tp_count,exit_sl_count,exit_trailing_count,exit_manual_count,open_positions_count,open_positions_volume,long_positions_count,short_positions_count,long_exposure_usd,short_exposure_usd,net_exposure_usd,max_concurrent_positions,avg_position_size_lots,position_sizing_factor,symbol_trades_total,symbol_winning_trades,symbol_win_rate_pct,symbol_realized_pnl,symbol_unrealized_pnl,symbol_open_positions,symbol_exposure_usd,symbol_avg_trade_pnl,session_asian_trades,session_european_trades,session_us_trades,session_overlap_trades,hour_00_04_trades,hour_04_08_trades,hour_08_12_trades,hour_12_16_trades,hour_16_20_trades,hour_20_24_trades,system_uptime_seconds,mt5_connected,mt5_connection_uptime_seconds,mt5_reconnections,cpu_usage_pct,memory_usage_mb,memory_usage_pct,disk_usage_gb,network_latency_ms,api_calls_per_minute,errors_total,warnings_total,critical_errors_total,last_error_timestamp,system_restarts,drawdown_state,position_sizing_adjustment,adaptive_sl_distance_pips,adaptive_tp_distance_pips,trailing_stop_active,breakeven_stop_active,survival_mode_active,recovery_mode_active,overall_grade,win_rate_grade,profit_factor_grade,drawdown_grade,sharpe_grade
2025-12-30T23:18:51.765515+00:00,0.0,0.0,0.0,0.0,0.0,0.0,0.0,0.0,0.0,0,0,0,0,0,0,0.0,0.0,0.0,0.0,0.0,0.0,0.0,0.0,0.0,0.0,0.0,0.0,0.0,0.0,0.0,0,0.0,0.0,0.0,0.0,0.0,0.0,0.0,0.0,0.0,0.0,0.0,0.0,0.0,0.0,0.0,0.0,0.0,0,0.0,0.0,0.0,0.0,0.0,0.0,0.0,0.0,0.0,0.0,0.0,0.0,0.0,0.0,0.0,0.0,0.0,0.0,0,0,0,0,0,0,0,0.0,0,0,0,0,0,0,0,0,0,0,0,0,0,0,0,0,0,0.0,0,0,0.0,0.0,0.0,0,0.0,1.0,0,0,0.0,0.0,0.0,0,0.0,0.0,0,0,0,0,0,0,0,0,0,0,0.008698463439941406,0,0.0,0,0.0,22.79296875,0.14635871555490898,193.56630325317383,0.0,0.0,0,0,0,,0,normal,1.0,0.0,0.0,0,0,0,0,,,,,
2025-12-30T23:18:52.872275+00:00,0.0,0.0,0.0,0.0,0.0,0.0,0.0,0.0,0.0,0,0,0,0,0,0,0.0,0.0,0.0,0.0,0.0,0.0,0.0,0.0,0.0,0.0,0.0,0.0,0.0,0.0,0.0,0,0.0,0.0,0.0,0.0,0.0,0.0,0.0,0.0,0.0,0.0,0.0,0.0,0.0,0.0,0.0,0.0,0.0,0,0.0,0.0,0.0,0.0,0.0,0.0,0.0,0.0,0.0,0.0,0.0,0.0,0.0,0.0,0.0,0.0,0.0,0.0,0,0,0,0,0,0,0,0.0,0,0,0,0,0,0,0,0,0,0,0,0,0,0,0,0,0,0.0,0,0,0.0,0.0,0.0,0,0.0,1.0,0,0,0.0,0.0,0.0,0,0.0,0.0,0,0,0,0,0,0,0,0,0,0,1.1154587268829346,0,0.0,0,0.0,22.81640625,0.14650921294879576,193.56633377075195,0.0,0.0,0,0,0,,0,normal,1.0,0.0,0.0,0,0,0,0,,,,,
2025-12-30T23:18:53.975883+00:00,0.0,0.0,0.0,0.0,0.0,0.0,0.0,0.0,0.0,0,0,0,0,0,0,0.0,0.0,0.0,0.0,0.0,0.0,0.0,0.0,0.0,0.0,0.0,0.0,0.0,0.0,0.0,0,0.0,0.0,0.0,0.0,0.0,0.0,0.0,0.0,0.0,0.0,0.0,0.0,0.0,0.0,0.0,0.0,0.0,0,0.0,0.0,0.0,0.0,0.0,0.0,0.0,0.0,0.0,0.0,0.0,0.0,0.0,0.0,0.0,0.0,0.0,0.0,0,0,0,0,0,0,0,0.0,0,0,0,0,0,0,0,0,0,0,0,0,0,0,0,0,0,0.0,0,0,0.0,0.0,0.0,0,0.0,1.0,0,0,0.0,0.0,0.0,0,0.0,0.0,0,0,0,0,0,0,0,0,0,0,2.2190659046173096,0,0.0,0,0.0,22.81640625,0.14650921294879576,193.56633377075195,0.0,0.0,0,0,0,,0,normal,1.0,0.0,0.0,0,0,0,0,,,,,
2025-12-30T23:18:55.079259+00:00,0.0,0.0,0.0,0.0,0.0,0.0,0.0,0.0,0.0,0,0,0,0,0,0,0.0,0.0,0.0,0.0,0.0,0.0,0.0,0.0,0.0,0.0,0.0,0.0,0.0,0.0,0.0,0,0.0,0.0,0.0,0.0,0.0,0.0,0.0,0.0,0.0,0.0,0.0,0.0,0.0,0.0,0.0,0.0,0.0,0,0.0,0.0,0.0,0.0,0.0,0.0,0.0,0.0,0.0,0.0,0.0,0.0,0.0,0.0,0.0,0.0,0.0,0.0,0,0,0,0,0,0,0,0.0,0,0,0,0,0,0,0,0,0,0,0,0,0,0,0,0,0,0.0,0,0,0.0,0.0,0.0,0,0.0,1.0,0,0,0.0,0.0,0.0,0,0.0,0.0,0,0,0,0,0,0,0,0,0,0,3.3224422931671143,0,0.0,0,0.0,22.81640625,0.14650921294879576,193.56633758544922,0.0,0.0,0,0,0,,0,normal,1.0,0.0,0.0,0,0,0,0,,,,,
2025-12-30T23:18:56.182583+00:00,0.0,0.0,0.0,0.0,0.0,0.0,0.0,0.0,0.0,0,0,0,0,0,0,0.0,0.0,0.0,0.0,0.0,0.0,0.0,0.0,0.0,0.0,0.0,0.0,0.0,0.0,0.0,0,0.0,0.0,0.0,0.0,0.0,0.0,0.0,0.0,0.0,0.0,0.0,0.0,0.0,0.0,0.0,0.0,0.0,0,0.0,0.0,0.0,0.0,0.0,0.0,0.0,0.0,0.0,0.0,0.0,0.0,0.0,0.0,0.0,0.0,0.0,0.0,0,0,0,0,0,0,0,0.0,0,0,0,0,0,0,0,0,0,0,0,0,0,0,0,0,0,0.0,0,0,0.0,0.0,0.0,0,0.0,1.0,0,0,0.0,0.0,0.0,0,0.0,0.0,0,0,0,0,0,0,0,0,0,0,4.425766468048096,0,0.0,0,0.0,22.81640625,0.14650921294879576,193.56637573242188,0.0,0.0,0,0,0,,0,normal,1.0,0.0,0.0,0,0,0,0,,,,,
2025-12-30T23:18:57.285144+00:00,0.0,0.0,0.0,0.0,0.0,0.0,0.0,0.0,0.0,0,0,0,0,0,0,0.0,0.0,0.0,0.0,0.0,0.0,0.0,0.0,0.0,0.0,0.0,0.0,0.0,0.0,0.0,0,0.0,0.0,0.0,0.0,0.0,0.0,0.0,0.0,0.0,0.0,0.0,0.0,0.0,0.0,0.0,0.0,0.0,0,0.0,0.0,0.0,0.0,0.0,0.0,0.0,0.0,0.0,0.0,0.0,0.0,0.0,0.0,0.0,0.0,0.0,0.0,0,0,0,0,0,0,0,0.0,0,0,0,0,0,0,0,0,0,0,0,0,0,0,0,0,0,0.0,0,0,0.0,0.0,0.0,0,0.0,1.0,0,0,0.0,0.0,0.0,0,0.0,0.0,0,0,0,0,0,0,0,0,0,0,5.528327226638794,0,0.0,0,0.0,22.81640625,0.14650921294879576,193.56634140014648,0.0,0.0,0,0,0,,0,normal,1.0,0.0,0.0,0,0,0,0,,,,,
2025-12-30T23:18:58.387919+00:00,0.0,0.0,0.0,0.0,0.0,0.0,0.0,0.0,0.0,0,0,0,0,0,0,0.0,0.0,0.0,0.0,0.0,0.0,0.0,0.0,0.0,0.0,0.0,0.0,0.0,0.0,0.0,0,0.0,0.0,0.0,0.0,0.0,0.0,0.0,0.0,0.0,0.0,0.0,0.0,0.0,0.0,0.0,0.0,0.0,0,0.0,0.0,0.0,0.0,0.0,0.0,0.0,0.0,0.0,0.0,0.0,0.0,0.0,0.0,0.0,0.0,0.0,0.0,0,0,0,0,0,0,0,0.0,0,0,0,0,0,0,0,0,0,0,0,0,0,0,0,0,0,0.0,0,0,0.0,0.0,0.0,0,0.0,1.0,0,0,0.0,0.0,0.0,0,0.0,0.0,0,0,0,0,0,0,0,0,0,0,6.6311023235321045,0,0.0,0,0.0,22.81640625,0.14650921294879576,193.56634140014648,0.0,0.0,0,0,0,,0,normal,1.0,0.0,0.0,0,0,0,0,,,,,
2025-12-30T23:18:59.491998+00:00,0.0,0.0,0.0,0.0,0.0,0.0,0.0,0.0,0.0,0,0,0,0,0,0,0.0,0.0,0.0,0.0,0.0,0.0,0.0,0.0,0.0,0.0,0.0,0.0,0.0,0.0,0.0,0,0.0,0.0,0.0,0.0,0.0,0.0,0.0,0.0,0.0,0.0,0.0,0.0,0.0,0.0,0.0,0.0,0.0,0,0.0,0.0,0.0,0.0,0.0,0.0,0.0,0.0,0.0,0.0,0.0,0.0,0.0,0.0,0.0,0.0,0.0,0.0,0,0,0,0,0,0,0,0.0,0,0,0,0,0,0,0,0,0,0,0,0,0,0,0,0,0,0.0,0,0,0.0,0.0,0.0,0,0.0,1.0,0,0,0.0,0.0,0.0,0,0.0,0.0,0,0,0,0,0,0,0,0,0,0,7.7351813316345215,0,0.0,0,0.0,22.87890625,0.1469105393324939,193.56634140014648,0.0,0.0,0,0,0,,0,normal,1.0,0.0,0.0,0,0,0,0,,,,,
2025-12-30T23:19:00.596014+00:00,0.0,0.0,0.0,0.0,0.0,0.0,0.0,0.0,0.0,0,0,0,0,0,0,0.0,0.0,0.0,0.0,0.0,0.0,0.0,0.0,0.0,0.0,0.0,0.0,0.0,0.0,0.0,0,0.0,0.0,0.0,0.0,0.0,0.0,0.0,0.0,0.0,0.0,0.0,0.0,0.0,0.0,0.0,0.0,0.0,0,0.0,0.0,0.0,0.0,0.0,0.0,0.0,0.0,0.0,0.0,0.0,0.0,0.0,0.0,0.0,0.0,0.0,0.0,0,0,0,0,0,0,0,0.0,0,0,0,0,0,0,0,0,0,0,0,0,0,0,0,0,0,0.0,0,0,0.0,0.0,0.0,0,0.0,1.0,0,0,0.0,0.0,0.0,0,0.0,0.0,0,0,0,0,0,0,0,0,0,0,8.839197397232056,0,0.0,0,16.6,22.87890625,0.1469105393324939,193.56634140014648,0.0,0.0,0,0,0,,0,normal,1.0,0.0,0.0,0,0,0,0,,,,,
2025-12-30T23:19:01.699561+00:00,0.0,0.0,0.0,0.0,0.0,0.0,0.0,0.0,0.0,0,0,0,0,0,0,0.0,0.0,0.0,0.0,0.0,0.0,0.0,0.0,0.0,0.0,0.0,0.0,0.0,0.0,0.0,0,0.0,0.0,0.0,0.0,0.0,0.0,0.0,0.0,0.0,0.0,0.0,0.0,0.0,0.0,0.0,0.0,0.0,0,0.0,0.0,0.0,0.0,0.0,0.0,0.0,0.0,0.0,0.0,0.0,0.0,0.0,0.0,0.0,0.0,0.0,0.0,0,0,0,0,0,0,0,0.0,0,0,0,0,0,0,0,0,0,0,0,0,0,0,0,0,0,0.0,0,0,0.0,0.0,0.0,0,0.0,1.0,0,0,0.0,0.0,0.0,0,0.0,0.0,0,0,0,0,0,0,0,0,0,0,9.942744255065918,0,0.0,0,0.0,22.87890625,0.1469105393324939,193.5561866760254,0.0,0.0,0,0,0,,0,normal,1.0,0.0,0.0,0,0,0,0,,,,,
2025-12-30T23:19:02.802147+00:00,0.0,0.0,0.0,0.0,0.0,0.0,0.0,0.0,0.0,0,0,0,0,0,0,0.0,0.0,0.0,0.0,0.0,0.0,0.0,0.0,0.0,0.0,0.0,0.0,0.0,0.0,0.0,0,0.0,0.0,0.0,0.0,0.0,0.0,0.0,0.0,0.0,0.0,0.0,0.0,0.0,0.0,0.0,0.0,0.0,0,0.0,0.0,0.0,0.0,0.0,0.0,0.0,0.0,0.0,0.0,0.0,0.0,0.0,0.0,0.0,0.0,0.0,0.0,0,0,0,0,0,0,0,0.0,0,0,0,0,0,0,0,0,0,0,0,0,0,0,0,0,0,0.0,0,0,0.0,0.0,0.0,0,0.0,1.0,0,0,0.0,0.0,0.0,0,0.0,0.0,0,0,0,0,0,0,0,0,0,0,11.04533052444458,0,0.0,0,0.0,22.8828125,0.14693562223147502,193.5561866760254,0.0,0.0,0,0,0,,0,normal,1.0,0.0,0.0,0,0,0,0,,,,,
2025-12-30T23:19:03.905987+00:00,0.0,0.0,0.0,0.0,0.0,0.0,0.0,0.0,0.0,0,0,0,0,0,0,0.0,0.0,0.0,0.0,0.0,0.0,0.0,0.0,0.0,0.0,0.0,0.0,0.0,0.0,0.0,0,0.0,0.0,0.0,0.0,0.0,0.0,0.0,0.0,0.0,0.0,0.0,0.0,0.0,0.0,0.0,0.0,0.0,0,0.0,0.0,0.0,0.0,0.0,0.0,0.0,0.0,0.0,0.0,0.0,0.0,0.0,0.0,0.0,0.0,0.0,0.0,0,0,0,0,0,0,0,0.0,0,0,0,0,0,0,0,0,0,0,0,0,0,0,0,0,0,0.0,0,0,0.0,0.0,0.0,0,0.0,1.0,0,0,0.0,0.0,0.0,0,0.0,0.0,0,0,0,0,0,0,0,0,0,0,12.149170398712158,0,0.0,0,0.0,22.8828125,0.14693562223147502,193.55619049072266,0.0,0.0,0,0,0,,0,normal,1.0,0.0,0.0,0,0,0,0,,,,,
2025-12-30T23:19:05.009972+00:00,0.0,0.0,0.0,0.0,0.0,0.0,0.0,0.0,0.0,0,0,0,0,0,0,0.0,0.0,0.0,0.0,0.0,0.0,0.0,0.0,0.0,0.0,0.0,0.0,0.0,0.0,0.0,0,0.0,0.0,0.0,0.0,0.0,0.0,0.0,0.0,0.0,0.0,0.0,0.0,0.0,0.0,0.0,0.0,0.0,0,0.0,0.0,0.0,0.0,0.0,0.0,0.0,0.0,0.0,0.0,0.0,0.0,0.0,0.0,0.0,0.0,0.0,0.0,0,0,0,0,0,0,0,0.0,0,0,0,0,0,0,0,0,0,0,0,0,0,0,0,0,0,0.0,0,0,0.0,0.0,0.0,0,0.0,1.0,0,0,0.0,0.0,0.0,0,0.0,0.0,0,0,0,0,0,0,0,0,0,0,13.25315546989441,0,0.0,0,0.0,22.8828125,0.14693562223147502,193.55619430541992,0.0,0.0,0,0,0,,0,normal,1.0,0.0,0.0,0,0,0,0,,,,,
2025-12-30T23:19:06.112370+00:00,0.0,0.0,0.0,0.0,0.0,0.0,0.0,0.0,0.0,0,0,0,0,0,0,0.0,0.0,0.0,0.0,0.0,0.0,0.0,0.0,0.0,0.0,0.0,0.0,0.0,0.0,0.0,0,0.0,0.0,0.0,0.0,0.0,0.0,0.0,0.0,0.0,0.0,0.0,0.0,0.0,0.0,0.0,0.0,0.0,0,0.0,0.0,0.0,0.0,0.0,0.0,0.0,0.0,0.0,0.0,0.0,0.0,0.0,0.0,0.0,0.0,0.0,0.0,0,0,0,0,0,0,0,0.0,0,0,0,0,0,0,0,0,0,0,0,0,0,0,0,0,0,0.0,0,0,0.0,0.0,0.0,0,0.0,1.0,0,0,0.0,0.0,0.0,0,0.0,0.0,0,0,0,0,0,0,0,0,0,0,14.35555386543274,0,0.0,0,0.0,22.8828125,0.14693562223147502,193.55790328979492,0.0,0.0,0,0,0,,0,normal,1.0,0.0,0.0,0,0,0,0,,,,,
2025-12-30T23:19:07.215224+00:00,0.0,0.0,0.0,0.0,0.0,0.0,0.0,0.0,0.0,0,0,0,0,0,0,0.0,0.0,0.0,0.0,0.0,0.0,0.0,0.0,0.0,0.0,0.0,0.0,0.0,0.0,0.0,0,0.0,0.0,0.0,0.0,0.0,0.0,0.0,0.0,0.0,0.0,0.0,0.0,0.0,0.0,0.0,0.0,0.0,0,0.0,0.0,0.0,0.0,0.0,0.0,0.0,0.0,0.0,0.0,0.0,0.0,0.0,0.0,0.0,0.0,0.0,0.0,0,0,0,0,0,0,0,0.0,0,0,0,0,0,0,0,0,0,0,0,0,0,0,0,0,0,0.0,0,0,0.0,0.0,0.0,0,0.0,1.0,0,0,0.0,0.0,0.0,0,0.0,0.0,0,0,0,0,0,0,0,0,0,0,15.458407402038574,0,0.0,0,0.0,22.8828125,0.14693562223147502,193.55790328979492,0.0,0.0,0,0,0,,0,normal,1.0,0.0,0.0,0,0,0,0,,,,,
2025-12-30T23:19:08.318403+00:00,0.0,0.0,0.0,0.0,0.0,0.0,0.0,0.0,0.0,0,0,0,0,0,0,0.0,0.0,0.0,0.0,0.0,0.0,0.0,0.0,0.0,0.0,0.0,0.0,0.0,0.0,0.0,0,0.0,0.0,0.0,0.0,0.0,0.0,0.0,0.0,0.0,0.0,0.0,0.0,0.0,0.0,0.0,0.0,0.0,0,0.0,0.0,0.0,0.0,0.0,0.0,0.0,0.0,0.0,0.0,0.0,0.0,0.0,0.0,0.0,0.0,0.0,0.0,0,0,0,0,0,0,0,0.0,0,0,0,0,0,0,0,0,0,0,0,0,0,0,0,0,0,0.0,0,0,0.0,0.0,0.0,0,0.0,1.0,0,0,0.0,0.0,0.0,0,0.0,0.0,0,0,0,0,0,0,0,0,0,0,16.561586141586304,0,0.0,0,0.0,22.8828125,0.14693562223147502,193.55790328979492,0.0,0.0,0,0,0,,0,normal,1.0,0.0,0.0,0,0,0,0,,,,,
2025-12-30T23:19:09.424332+00:00,0.0,0.0,0.0,0.0,0.0,0.0,0.0,0.0,0.0,0,0,0,0,0,0,0.0,0.0,0.0,0.0,0.0,0.0,0.0,0.0,0.0,0.0,0.0,0.0,0.0,0.0,0.0,0,0.0,0.0,0.0,0.0,0.0,0.0,0.0,0.0,0.0,0.0,0.0,0.0,0.0,0.0,0.0,0.0,0.0,0,0.0,0.0,0.0,0.0,0.0,0.0,0.0,0.0,0.0,0.0,0.0,0.0,0.0,0.0,0.0,0.0,0.0,0.0,0,0,0,0,0,0,0,0.0,0,0,0,0,0,0,0,0,0,0,0,0,0,0,0,0,0,0.0,0,0,0.0,0.0,0.0,0,0.0,1.0,0,0,0.0,0.0,0.0,0,0.0,0.0,0,0,0,0,0,0,0,0,0,0,17.66751503944397,0,0.0,0,0.0,22.8828125,0.14693562223147502,193.55790328979492,0.0,0.0,0,0,0,,0,normal,1.0,0.0,0.0,0,0,0,0,,,,,
2025-12-30T23:19:10.529815+00:00,0.0,0.0,0.0,0.0,0.0,0.0,0.0,0.0,0.0,0,0,0,0,0,0,0.0,0.0,0.0,0.0,0.0,0.0,0.0,0.0,0.0,0.0,0.0,0.0,0.0,0.0,0.0,0,0.0,0.0,0.0,0.0,0.0,0.0,0.0,0.0,0.0,0.0,0.0,0.0,0.0,0.0,0.0,0.0,0.0,0,0.0,0.0,0.0,0.0,0.0,0.0,0.0,0.0,0.0,0.0,0.0,0.0,0.0,0.0,0.0,0.0,0.0,0.0,0,0,0,0,0,0,0,0.0,0,0,0,0,0,0,0,0,0,0,0,0,0,0,0,0,0,0.0,0,0,0.0,0.0,0.0,0,0.0,1.0,0,0,0.0,0.0,0.0,0,0.0,0.0,0,0,0,0,0,0,0,0,0,0,18.772997856140137,0,0.0,0,0.0,22.8828125,0.14693562223147502,193.55790328979492,0.0,0.0,0,0,0,,0,normal,1.0,0.0,0.0,0,0,0,0,,,,,
2025-12-30T23:19:11.633095+00:00,0.0,0.0,0.0,0.0,0.0,0.0,0.0,0.0,0.0,0,0,0,0,0,0,0.0,0.0,0.0,0.0,0.0,0.0,0.0,0.0,0.0,0.0,0.0,0.0,0.0,0.0,0.0,0,0.0,0.0,0.0,0.0,0.0,0.0,0.0,0.0,0.0,0.0,0.0,0.0,0.0,0.0,0.0,0.0,0.0,0,0.0,0.0,0.0,0.0,0.0,0.0,0.0,0.0,0.0,0.0,0.0,0.0,0.0,0.0,0.0,0.0,0.0,0.0,0,0,0,0,0,0,0,0.0,0,0,0,0,0,0,0,0,0,0,0,0,0,0,0,0,0,0.0,0,0,0.0,0.0,0.0,0,0.0,1.0,0,0,0.0,0.0,0.0,0,0.0,0.0,0,0,0,0,0,0,0,0,0,0,19.876277923583984,0,0.0,0,0.0,22.8828125,0.14693562223147502,193.5579071044922,0.0,0.0,0,0,0,,0,normal,1.0,0.0,0.0,0,0,0,0,,,,,
2025-12-30T23:19:12.735932+00:00,0.0,0.0,0.0,0.0,0.0,0.0,0.0,0.0,0.0,0,0,0,0,0,0,0.0,0.0,0.0,0.0,0.0,0.0,0.0,0.0,0.0,0.0,0.0,0.0,0.0,0.0,0.0,0,0.0,0.0,0.0,0.0,0.0,0.0,0.0,0.0,0.0,0.0,0.0,0.0,0.0,0.0,0.0,0.0,0.0,0,0.0,0.0,0.0,0.0,0.0,0.0,0.0,0.0,0.0,0.0,0.0,0.0,0.0,0.0,0.0,0.0,0.0,0.0,0,0,0,0,0,0,0,0.0,0,0,0,0,0,0,0,0,0,0,0,0,0,0,0,0,0,0.0,0,0,0.0,0.0,0.0,0,0.0,1.0,0,0,0.0,0.0,0.0,0,0.0,0.0,0,0,0,0,0,0,0,0,0,0,20.97911548614502,0,0.0,0,0.0,22.8828125,0.14693562223147502,193.5579071044922,0.0,0.0,0,0,0,,0,normal,1.0,0.0,0.0,0,0,0,0,,,,,
2025-12-30T23:19:13.839601+00:00,0.0,0.0,0.0,0.0,0.0,0.0,0.0,0.0,0.0,0,0,0,0,0,0,0.0,0.0,0.0,0.0,0.0,0.0,0.0,0.0,0.0,0.0,0.0,0.0,0.0,0.0,0.0,0,0.0,0.0,0.0,0.0,0.0,0.0,0.0,0.0,0.0,0.0,0.0,0.0,0.0,0.0,0.0,0.0,0.0,0,0.0,0.0,0.0,0.0,0.0,0.0,0.0,0.0,0.0,0.0,0.0,0.0,0.0,0.0,0.0,0.0,0.0,0.0,0,0,0,0,0,0,0,0.0,0,0,0,0,0,0,0,0,0,0,0,0,0,0,0,0,0,0.0,0,0,0.0,0.0,0.0,0,0.0,1.0,0,0,0.0,0.0,0.0,0,0.0,0.0,0,0,0,0,0,0,0,0,0,0,22.082783937454224,0,0.0,0,0.0,22.8828125,0.14693562223147502,193.5579071044922,0.0,0.0,0,0,0,,0,normal,1.0,0.0,0.0,0,0,0,0,,,,,
2025-12-30T23:19:14.942646+00:00,0.0,0.0,0.0,0.0,0.0,0.0,0.0,0.0,0.0,0,0,0,0,0,0,0.0,0.0,0.0,0.0,0.0,0.0,0.0,0.0,0.0,0.0,0.0,0.0,0.0,0.0,0.0,0,0.0,0.0,0.0,0.0,0.0,0.0,0.0,0.0,0.0,0.0,0.0,0.0,0.0,0.0,0.0,0.0,0.0,0,0.0,0.0,0.0,0.0,0.0,0.0,0.0,0.0,0.0,0.0,0.0,0.0,0.0,0.0,0.0,0.0,0.0,0.0,0,0,0,0,0,0,0,0.0,0,0,0,0,0,0,0,0,0,0,0,0,0,0,0,0,0,0.0,0,0,0.0,0.0,0.0,0,0.0,1.0,0,0,0.0,0.0,0.0,0,0.0,0.0,0,0,0,0,0,0,0,0,0,0,23.185828924179077,0,0.0,0,0.0,22.8828125,0.14693562223147502,193.5579071044922,0.0,0.0,0,0,0,,0,normal,1.0,0.0,0.0,0,0,0,0,,,,,
2025-12-30T23:19:16.045327+00:00,0.0,0.0,0.0,0.0,0.0,0.0,0.0,0.0,0.0,0,0,0,0,0,0,0.0,0.0,0.0,0.0,0.0,0.0,0.0,0.0,0.0,0.0,0.0,0.0,0.0,0.0,0.0,0,0.0,0.0,0.0,0.0,0.0,0.0,0.0,0.0,0.0,0.0,0.0,0.0,0.0,0.0,0.0,0.0,0.0,0,0.0,0.0,0.0,0.0,0.0,0.0,0.0,0.0,0.0,0.0,0.0,0.0,0.0,0.0,0.0,0.0,0.0,0.0,0,0,0,0,0,0,0,0.0,0,0,0,0,0,0,0,0,0,0,0,0,0,0,0,0,0,0.0,0,0,0.0,0.0,0.0,0,0.0,1.0,0,0,0.0,0.0,0.0,0,0.0,0.0,0,0,0,0,0,0,0,0,0,0,24.28851079940796,0,0.0,0,0.0,22.8828125,0.14693562223147502,193.5579071044922,0.0,0.0,0,0,0,,0,normal,1.0,0.0,0.0,0,0,0,0,,,,,
2025-12-30T23:19:17.148905+00:00,0.0,0.0,0.0,0.0,0.0,0.0,0.0,0.0,0.0,0,0,0,0,0,0,0.0,0.0,0.0,0.0,0.0,0.0,0.0,0.0,0.0,0.0,0.0,0.0,0.0,0.0,0.0,0,0.0,0.0,0.0,0.0,0.0,0.0,0.0,0.0,0.0,0.0,0.0,0.0,0.0,0.0,0.0,0.0,0.0,0,0.0,0.0,0.0,0.0,0.0,0.0,0.0,0.0,0.0,0.0,0.0,0.0,0.0,0.0,0.0,0.0,0.0,0.0,0,0,0,0,0,0,0,0.0,0,0,0,0,0,0,0,0,0,0,0,0,0,0,0,0,0,0.0,0,0,0.0,0.0,0.0,0,0.0,1.0,0,0,0.0,0.0,0.0,0,0.0,0.0,0,0,0,0,0,0,0,0,0,0,25.392088651657104,0,0.0,0,0.0,22.8828125,0.14693562223147502,193.5579071044922,0.0,0.0,0,0,0,,0,normal,1.0,0.0,0.0,0,0,0,0,,,,,
2025-12-30T23:19:18.251923+00:00,0.0,0.0,0.0,0.0,0.0,0.0,0.0,0.0,0.0,0,0,0,0,0,0,0.0,0.0,0.0,0.0,0.0,0.0,0.0,0.0,0.0,0.0,0.0,0.0,0.0,0.0,0.0,0,0.0,0.0,0.0,0.0,0.0,0.0,0.0,0.0,0.0,0.0,0.0,0.0,0.0,0.0,0.0,0.0,0.0,0,0.0,0.0,0.0,0.0,0.0,0.0,0.0,0.0,0.0,0.0,0.0,0.0,0.0,0.0,0.0,0.0,0.0,0.0,0,0,0,0,0,0,0,0.0,0,0,0,0,0,0,0,0,0,0,0,0,0,0,0,0,0,0.0,0,0,0.0,0.0,0.0,0,0.0,1.0,0,0,0.0,0.0,0.0,0,0.0,0.0,0,0,0,0,0,0,0,0,0,0,26.49510669708252,0,0.0,0,0.0,22.8828125,0.14693562223147502,193.5579071044922,0.0,0.0,0,0,0,,0,normal,1.0,0.0,0.0,0,0,0,0,,,,,
2025-12-30T23:19:19.356039+00:00,0.0,0.0,0.0,0.0,0.0,0.0,0.0,0.0,0.0,0,0,0,0,0,0,0.0,0.0,0.0,0.0,0.0,0.0,0.0,0.0,0.0,0.0,0.0,0.0,0.0,0.0,0.0,0,0.0,0.0,0.0,0.0,0.0,0.0,0.0,0.0,0.0,0.0,0.0,0.0,0.0,0.0,0.0,0.0,0.0,0,0.0,0.0,0.0,0.0,0.0,0.0,0.0,0.0,0.0,0.0,0.0,0.0,0.0,0.0,0.0,0.0,0.0,0.0,0,0,0,0,0,0,0,0.0,0,0,0,0,0,0,0,0,0,0,0,0,0,0,0,0,0,0.0,0,0,0.0,0.0,0.0,0,0.0,1.0,0,0,0.0,0.0,0.0,0,0.0,0.0,0,0,0,0,0,0,0,0,0,0,27.59922218322754,0,0.0,0,0.0,22.8828125,0.14693562223147502,193.55784606933594,0.0,0.0,0,0,0,,0,normal,1.0,0.0,0.0,0,0,0,0,,,,,
2025-12-30T23:19:20.458824+00:00,0.0,0.0,0.0,0.0,0.0,0.0,0.0,0.0,0.0,0,0,0,0,0,0,0.0,0.0,0.0,0.0,0.0,0.0,0.0,0.0,0.0,0.0,0.0,0.0,0.0,0.0,0.0,0,0.0,0.0,0.0,0.0,0.0,0.0,0.0,0.0,0.0,0.0,0.0,0.0,0.0,0.0,0.0,0.0,0.0,0,0.0,0.0,0.0,0.0,0.0,0.0,0.0,0.0,0.0,0.0,0.0,0.0,0.0,0.0,0.0,0.0,0.0,0.0,0,0,0,0,0,0,0,0.0,0,0,0,0,0,0,0,0,0,0,0,0,0,0,0,0,0,0.0,0,0,0.0,0.0,0.0,0,0.0,1.0,0,0,0.0,0.0,0.0,0,0.0,0.0,0,0,0,0,0,0,0,0,0,0,28.70200777053833,0,0.0,0,0.0,22.8828125,0.14693562223147502,193.55785369873047,0.0,0.0,0,0,0,,0,normal,1.0,0.0,0.0,0,0,0,0,,,,,
2025-12-30T23:19:21.562304+00:00,0.0,0.0,0.0,0.0,0.0,0.0,0.0,0.0,0.0,0,0,0,0,0,0,0.0,0.0,0.0,0.0,0.0,0.0,0.0,0.0,0.0,0.0,0.0,0.0,0.0,0.0,0.0,0,0.0,0.0,0.0,0.0,0.0,0.0,0.0,0.0,0.0,0.0,0.0,0.0,0.0,0.0,0.0,0.0,0.0,0,0.0,0.0,0.0,0.0,0.0,0.0,0.0,0.0,0.0,0.0,0.0,0.0,0.0,0.0,0.0,0.0,0.0,0.0,0,0,0,0,0,0,0,0.0,0,0,0,0,0,0,0,0,0,0,0,0,0,0,0,0,0,0.0,0,0,0.0,0.0,0.0,0,0.0,1.0,0,0,0.0,0.0,0.0,0,0.0,0.0,0,0,0,0,0,0,0,0,0,0,29.805487155914307,0,0.0,0,0.0,22.8828125,0.14693562223147502,193.55950164794922,0.0,0.0,0,0,0,,0,normal,1.0,0.0,0.0,0,0,0,0,,,,,
2025-12-30T23:19:22.665435+00:00,0.0,0.0,0.0,0.0,0.0,0.0,0.0,0.0,0.0,0,0,0,0,0,0,0.0,0.0,0.0,0.0,0.0,0.0,0.0,0.0,0.0,0.0,0.0,0.0,0.0,0.0,0.0,0,0.0,0.0,0.0,0.0,0.0,0.0,0.0,0.0,0.0,0.0,0.0,0.0,0.0,0.0,0.0,0.0,0.0,0,0.0,0.0,0.0,0.0,0.0,0.0,0.0,0.0,0.0,0.0,0.0,0.0,0.0,0.0,0.0,0.0,0.0,0.0,0,0,0,0,0,0,0,0.0,0,0,0,0,0,0,0,0,0,0,0,0,0,0,0,0,0,0.0,0,0,0.0,0.0,0.0,0,0.0,1.0,0,0,0.0,0.0,0.0,0,0.0,0.0,0,0,0,0,0,0,0,0,0,0,30.908618211746216,0,0.0,0,0.0,22.91796875,0.14716136832230522,193.55956268310547,0.0,0.0,0,0,0,,0,normal,1.0,0.0,0.0,0,0,0,0,,,,,
2025-12-30T23:19:23.769249+00:00,0.0,0.0,0.0,0.0,0.0,0.0,0.0,0.0,0.0,0,0,0,0,0,0,0.0,0.0,0.0,0.0,0.0,0.0,0.0,0.0,0.0,0.0,0.0,0.0,0.0,0.0,0.0,0,0.0,0.0,0.0,0.0,0.0,0.0,0.0,0.0,0.0,0.0,0.0,0.0,0.0,0.0,0.0,0.0,0.0,0,0.0,0.0,0.0,0.0,0.0,0.0,0.0,0.0,0.0,0.0,0.0,0.0,0.0,0.0,0.0,0.0,0.0,0.0,0,0,0,0,0,0,0,0.0,0,0,0,0,0,0,0,0,0,0,0,0,0,0,0,0,0,0.0,0,0,0.0,0.0,0.0,0,0.0,1.0,0,0,0.0,0.0,0.0,0,0.0,0.0,0,0,0,0,0,0,0,0,0,0,32.01243209838867,0,0.0,0,0.0,22.91796875,0.14716136832230522,193.55956268310547,0.0,0.0,0,0,0,,0,normal,1.0,0.0,0.0,0,0,0,0,,,,,
2025-12-30T23:19:24.872171+00:00,0.0,0.0,0.0,0.0,0.0,0.0,0.0,0.0,0.0,0,0,0,0,0,0,0.0,0.0,0.0,0.0,0.0,0.0,0.0,0.0,0.0,0.0,0.0,0.0,0.0,0.0,0.0,0,0.0,0.0,0.0,0.0,0.0,0.0,0.0,0.0,0.0,0.0,0.0,0.0,0.0,0.0,0.0,0.0,0.0,0,0.0,0.0,0.0,0.0,0.0,0.0,0.0,0.0,0.0,0.0,0.0,0.0,0.0,0.0,0.0,0.0,0.0,0.0,0,0,0,0,0,0,0,0.0,0,0,0,0,0,0,0,0,0,0,0,0,0,0,0,0,0,0.0,0,0,0.0,0.0,0.0,0,0.0,1.0,0,0,0.0,0.0,0.0,0,0.0,0.0,0,0,0,0,0,0,0,0,0,0,33.115354776382446,0,0.0,0,0.0,22.91796875,0.14716136832230522,193.55956268310547,0.0,0.0,0,0,0,,0,normal,1.0,0.0,0.0,0,0,0,0,,,,,
2025-12-30T23:19:25.975448+00:00,0.0,0.0,0.0,0.0,0.0,0.0,0.0,0.0,0.0,0,0,0,0,0,0,0.0,0.0,0.0,0.0,0.0,0.0,0.0,0.0,0.0,0.0,0.0,0.0,0.0,0.0,0.0,0,0.0,0.0,0.0,0.0,0.0,0.0,0.0,0.0,0.0,0.0,0.0,0.0,0.0,0.0,0.0,0.0,0.0,0,0.0,0.0,0.0,0.0,0.0,0.0,0.0,0.0,0.0,0.0,0.0,0.0,0.0,0.0,0.0,0.0,0.0,0.0,0,0,0,0,0,0,0,0.0,0,0,0,0,0,0,0,0,0,0,0,0,0,0,0,0,0,0.0,0,0,0.0,0.0,0.0,0,0.0,1.0,0,0,0.0,0.0,0.0,0,0.0,0.0,0,0,0,0,0,0,0,0,0,0,34.21863150596619,0,0.0,0,0.0,22.91796875,0.14716136832230522,193.55966186523438,0.0,0.0,0,0,0,,0,normal,1.0,0.0,0.0,0,0,0,0,,,,,
2025-12-30T23:19:27.079067+00:00,0.0,0.0,0.0,0.0,0.0,0.0,0.0,0.0,0.0,0,0,0,0,0,0,0.0,0.0,0.0,0.0,0.0,0.0,0.0,0.0,0.0,0.0,0.0,0.0,0.0,0.0,0.0,0,0.0,0.0,0.0,0.0,0.0,0.0,0.0,0.0,0.0,0.0,0.0,0.0,0.0,0.0,0.0,0.0,0.0,0,0.0,0.0,0.0,0.0,0.0,0.0,0.0,0.0,0.0,0.0,0.0,0.0,0.0,0.0,0.0,0.0,0.0,0.0,0,0,0,0,0,0,0,0.0,0,0,0,0,0,0,0,0,0,0,0,0,0,0,0,0,0,0.0,0,0,0.0,0.0,0.0,0,0.0,1.0,0,0,0.0,0.0,0.0,0,0.0,0.0,0,0,0,0,0,0,0,0,0,0,35.322250843048096,0,0.0,0,0.0,22.91796875,0.14716136832230522,193.55966186523438,0.0,0.0,0,0,0,,0,normal,1.0,0.0,0.0,0,0,0,0,,,,,
2025-12-30T23:19:28.182016+00:00,0.0,0.0,0.0,0.0,0.0,0.0,0.0,0.0,0.0,0,0,0,0,0,0,0.0,0.0,0.0,0.0,0.0,0.0,0.0,0.0,0.0,0.0,0.0,0.0,0.0,0.0,0.0,0,0.0,0.0,0.0,0.0,0.0,0.0,0.0,0.0,0.0,0.0,0.0,0.0,0.0,0.0,0.0,0.0,0.0,0,0.0,0.0,0.0,0.0,0.0,0.0,0.0,0.0,0.0,0.0,0.0,0.0,0.0,0.0,0.0,0.0,0.0,0.0,0,0,0,0,0,0,0,0.0,0,0,0,0,0,0,0,0,0,0,0,0,0,0,0,0,0,0.0,0,0,0.0,0.0,0.0,0,0.0,1.0,0,0,0.0,0.0,0.0,0,0.0,0.0,0,0,0,0,0,0,0,0,0,0,36.42519974708557,0,0.0,0,0.0,22.91796875,0.14716136832230522,193.5596694946289,0.0,0.0,0,0,0,,0,normal,1.0,0.0,0.0,0,0,0,0,,,,,
2025-12-30T23:19:29.284941+00:00,0.0,0.0,0.0,0.0,0.0,0.0,0.0,0.0,0.0,0,0,0,0,0,0,0.0,0.0,0.0,0.0,0.0,0.0,0.0,0.0,0.0,0.0,0.0,0.0,0.0,0.0,0.0,0,0.0,0.0,0.0,0.0,0.0,0.0,0.0,0.0,0.0,0.0,0.0,0.0,0.0,0.0,0.0,0.0,0.0,0,0.0,0.0,0.0,0.0,0.0,0.0,0.0,0.0,0.0,0.0,0.0,0.0,0.0,0.0,0.0,0.0,0.0,0.0,0,0,0,0,0,0,0,0.0,0,0,0,0,0,0,0,0,0,0,0,0,0,0,0,0,0,0.0,0,0,0.0,0.0,0.0,0,0.0,1.0,0,0,0.0,0.0,0.0,0,0.0,0.0,0,0,0,0,0,0,0,0,0,0,37.52812385559082,0,0.0,0,0.0,22.91796875,0.14716136832230522,193.5596694946289,0.0,0.0,0,0,0,,0,normal,1.0,0.0,0.0,0,0,0,0,,,,,
2025-12-30T23:19:30.389659+00:00,0.0,0.0,0.0,0.0,0.0,0.0,0.0,0.0,0.0,0,0,0,0,0,0,0.0,0.0,0.0,0.0,0.0,0.0,0.0,0.0,0.0,0.0,0.0,0.0,0.0,0.0,0.0,0,0.0,0.0,0.0,0.0,0.0,0.0,0.0,0.0,0.0,0.0,0.0,0.0,0.0,0.0,0.0,0.0,0.0,0,0.0,0.0,0.0,0.0,0.0,0.0,0.0,0.0,0.0,0.0,0.0,0.0,0.0,0.0,0.0,0.0,0.0,0.0,0,0,0,0,0,0,0,0.0,0,0,0,0,0,0,0,0,0,0,0,0,0,0,0,0,0,0.0,0,0,0.0,0.0,0.0,0,0.0,1.0,0,0,0.0,0.0,0.0,0,0.0,0.0,0,0,0,0,0,0,0,0,0,0,38.63284230232239,0,0.0,0,0.0,22.91796875,0.14716136832230522,193.5596694946289,0.0,0.0,0,0,0,,0,normal,1.0,0.0,0.0,0,0,0,0,,,,,
2025-12-30T23:19:31.494320+00:00,0.0,0.0,0.0,0.0,0.0,0.0,0.0,0.0,0.0,0,0,0,0,0,0,0.0,0.0,0.0,0.0,0.0,0.0,0.0,0.0,0.0,0.0,0.0,0.0,0.0,0.0,0.0,0,0.0,0.0,0.0,0.0,0.0,0.0,0.0,0.0,0.0,0.0,0.0,0.0,0.0,0.0,0.0,0.0,0.0,0,0.0,0.0,0.0,0.0,0.0,0.0,0.0,0.0,0.0,0.0,0.0,0.0,0.0,0.0,0.0,0.0,0.0,0.0,0,0,0,0,0,0,0,0.0,0,0,0,0,0,0,0,0,0,0,0,0,0,0,0,0,0,0.0,0,0,0.0,0.0,0.0,0,0.0,1.0,0,0,0.0,0.0,0.0,0,0.0,0.0,0,0,0,0,0,0,0,0,0,0,39.73750376701355,0,0.0,0,0.0,22.91796875,0.14716136832230522,193.5596694946289,0.0,0.0,0,0,0,,0,normal,1.0,0.0,0.0,0,0,0,0,,,,,
2025-12-30T23:19:32.597432+00:00,0.0,0.0,0.0,0.0,0.0,0.0,0.0,0.0,0.0,0,0,0,0,0,0,0.0,0.0,0.0,0.0,0.0,0.0,0.0,0.0,0.0,0.0,0.0,0.0,0.0,0.0,0.0,0,0.0,0.0,0.0,0.0,0.0,0.0,0.0,0.0,0.0,0.0,0.0,0.0,0.0,0.0,0.0,0.0,0.0,0,0.0,0.0,0.0,0.0,0.0,0.0,0.0,0.0,0.0,0.0,0.0,0.0,0.0,0.0,0.0,0.0,0.0,0.0,0,0,0,0,0,0,0,0.0,0,0,0,0,0,0,0,0,0,0,0,0,0,0,0,0,0,0.0,0,0,0.0,0.0,0.0,0,0.0,1.0,0,0,0.0,0.0,0.0,0,0.0,0.0,0,0,0,0,0,0,0,0,0,0,40.84061527252197,0,0.0,0,0.0,22.91796875,0.14716136832230522,193.5596694946289,0.0,0.0,0,0,0,,0,normal,1.0,0.0,0.0,0,0,0,0,,,,,
2025-12-30T23:19:33.700580+00:00,0.0,0.0,0.0,0.0,0.0,0.0,0.0,0.0,0.0,0,0,0,0,0,0,0.0,0.0,0.0,0.0,0.0,0.0,0.0,0.0,0.0,0.0,0.0,0.0,0.0,0.0,0.0,0,0.0,0.0,0.0,0.0,0.0,0.0,0.0,0.0,0.0,0.0,0.0,0.0,0.0,0.0,0.0,0.0,0.0,0,0.0,0.0,0.0,0.0,0.0,0.0,0.0,0.0,0.0,0.0,0.0,0.0,0.0,0.0,0.0,0.0,0.0,0.0,0,0,0,0,0,0,0,0.0,0,0,0,0,0,0,0,0,0,0,0,0,0,0,0,0,0,0.0,0,0,0.0,0.0,0.0,0,0.0,1.0,0,0,0.0,0.0,0.0,0,0.0,0.0,0,0,0,0,0,0,0,0,0,0,41.94376301765442,0,0.0,0,0.0,22.91796875,0.14716136832230522,193.5596694946289,0.0,0.0,0,0,0,,0,normal,1.0,0.0,0.0,0,0,0,0,,,,,
2025-12-30T23:19:34.803715+00:00,0.0,0.0,0.0,0.0,0.0,0.0,0.0,0.0,0.0,0,0,0,0,0,0,0.0,0.0,0.0,0.0,0.0,0.0,0.0,0.0,0.0,0.0,0.0,0.0,0.0,0.0,0.0,0,0.0,0.0,0.0,0.0,0.0,0.0,0.0,0.0,0.0,0.0,0.0,0.0,0.0,0.0,0.0,0.0,0.0,0,0.0,0.0,0.0,0.0,0.0,0.0,0.0,0.0,0.0,0.0,0.0,0.0,0.0,0.0,0.0,0.0,0.0,0.0,0,0,0,0,0,0,0,0.0,0,0,0,0,0,0,0,0,0,0,0,0,0,0,0,0,0,0.0,0,0,0.0,0.0,0.0,0,0.0,1.0,0,0,0.0,0.0,0.0,0,0.0,0.0,0,0,0,0,0,0,0,0,0,0,43.04689836502075,0,0.0,0,0.0,22.91796875,0.14716136832230522,193.55967330932617,0.0,0.0,0,0,0,,0,normal,1.0,0.0,0.0,0,0,0,0,,,,,
2025-12-30T23:19:35.907436+00:00,0.0,0.0,0.0,0.0,0.0,0.0,0.0,0.0,0.0,0,0,0,0,0,0,0.0,0.0,0.0,0.0,0.0,0.0,0.0,0.0,0.0,0.0,0.0,0.0,0.0,0.0,0.0,0,0.0,0.0,0.0,0.0,0.0,0.0,0.0,0.0,0.0,0.0,0.0,0.0,0.0,0.0,0.0,0.0,0.0,0,0.0,0.0,0.0,0.0,0.0,0.0,0.0,0.0,0.0,0.0,0.0,0.0,0.0,0.0,0.0,0.0,0.0,0.0,0,0,0,0,0,0,0,0.0,0,0,0,0,0,0,0,0,0,0,0,0,0,0,0,0,0,0.0,0,0,0.0,0.0,0.0,0,0.0,1.0,0,0,0.0,0.0,0.0,0,0.0,0.0,0,0,0,0,0,0,0,0,0,0,44.15061974525452,0,0.0,0,0.0,22.91796875,0.14716136832230522,193.55967330932617,0.0,0.0,0,0,0,,0,normal,1.0,0.0,0.0,0,0,0,0,,,,,
2025-12-30T23:19:37.010940+00:00,0.0,0.0,0.0,0.0,0.0,0.0,0.0,0.0,0.0,0,0,0,0,0,0,0.0,0.0,0.0,0.0,0.0,0.0,0.0,0.0,0.0,0.0,0.0,0.0,0.0,0.0,0.0,0,0.0,0.0,0.0,0.0,0.0,0.0,0.0,0.0,0.0,0.0,0.0,0.0,0.0,0.0,0.0,0.0,0.0,0,0.0,0.0,0.0,0.0,0.0,0.0,0.0,0.0,0.0,0.0,0.0,0.0,0.0,0.0,0.0,0.0,0.0,0.0,0,0,0,0,0,0,0,0.0,0,0,0,0,0,0,0,0,0,0,0,0,0,0,0,0,0,0.0,0,0,0.0,0.0,0.0,0,0.0,1.0,0,0,0.0,0.0,0.0,0,0.0,0.0,0,0,0,0,0,0,0,0,0,0,45.25412321090698,0,0.0,0,0.0,22.91796875,0.14716136832230522,193.55858993530273,0.0,0.0,0,0,0,,0,normal,1.0,0.0,0.0,0,0,0,0,,,,,
2025-12-30T23:19:38.115178+00:00,0.0,0.0,0.0,0.0,0.0,0.0,0.0,0.0,0.0,0,0,0,0,0,0,0.0,0.0,0.0,0.0,0.0,0.0,0.0,0.0,0.0,0.0,0.0,0.0,0.0,0.0,0.0,0,0.0,0.0,0.0,0.0,0.0,0.0,0.0,0.0,0.0,0.0,0.0,0.0,0.0,0.0,0.0,0.0,0.0,0,0.0,0.0,0.0,0.0,0.0,0.0,0.0,0.0,0.0,0.0,0.0,0.0,0.0,0.0,0.0,0.0,0.0,0.0,0,0,0,0,0,0,0,0.0,0,0,0,0,0,0,0,0,0,0,0,0,0,0,0,0,0,0.0,0,0,0.0,0.0,0.0,0,0.0,1.0,0,0,0.0,0.0,0.0,0,0.0,0.0,0,0,0,0,0,0,0,0,0,0,46.35836124420166,0,0.0,0,0.0,22.91796875,0.14716136832230522,193.55895614624023,0.0,0.0,0,0,0,,0,normal,1.0,0.0,0.0,0,0,0,0,,,,,
2025-12-30T23:19:39.218721+00:00,0.0,0.0,0.0,0.0,0.0,0.0,0.0,0.0,0.0,0,0,0,0,0,0,0.0,0.0,0.0,0.0,0.0,0.0,0.0,0.0,0.0,0.0,0.0,0.0,0.0,0.0,0.0,0,0.0,0.0,0.0,0.0,0.0,0.0,0.0,0.0,0.0,0.0,0.0,0.0,0.0,0.0,0.0,0.0,0.0,0,0.0,0.0,0.0,0.0,0.0,0.0,0.0,0.0,0.0,0.0,0.0,0.0,0.0,0.0,0.0,0.0,0.0,0.0,0,0,0,0,0,0,0,0.0,0,0,0,0,0,0,0,0,0,0,0,0,0,0,0,0,0,0.0,0,0,0.0,0.0,0.0,0,0.0,1.0,0,0,0.0,0.0,0.0,0,0.0,0.0,0,0,0,0,0,0,0,0,0,0,47.46190428733826,0,0.0,0,0.0,22.91796875,0.14716136832230522,193.55932235717773,0.0,0.0,0,0,0,,0,normal,1.0,0.0,0.0,0,0,0,0,,,,,
2025-12-30T23:19:40.321709+00:00,0.0,0.0,0.0,0.0,0.0,0.0,0.0,0.0,0.0,0,0,0,0,0,0,0.0,0.0,0.0,0.0,0.0,0.0,0.0,0.0,0.0,0.0,0.0,0.0,0.0,0.0,0.0,0,0.0,0.0,0.0,0.0,0.0,0.0,0.0,0.0,0.0,0.0,0.0,0.0,0.0,0.0,0.0,0.0,0.0,0,0.0,0.0,0.0,0.0,0.0,0.0,0.0,0.0,0.0,0.0,0.0,0.0,0.0,0.0,0.0,0.0,0.0,0.0,0,0,0,0,0,0,0,0.0,0,0,0,0,0,0,0,0,0,0,0,0,0,0,0,0,0,0.0,0,0,0.0,0.0,0.0,0,0.0,1.0,0,0,0.0,0.0,0.0,0,0.0,0.0,0,0,0,0,0,0,0,0,0,0,48.564892292022705,0,0.0,0,0.0,22.91796875,0.14716136832230522,193.55932235717773,0.0,0.0,0,0,0,,0,normal,1.0,0.0,0.0,0,0,0,0,,,,,
2025-12-30T23:19:41.425949+00:00,0.0,0.0,0.0,0.0,0.0,0.0,0.0,0.0,0.0,0,0,0,0,0,0,0.0,0.0,0.0,0.0,0.0,0.0,0.0,0.0,0.0,0.0,0.0,0.0,0.0,0.0,0.0,0,0.0,0.0,0.0,0.0,0.0,0.0,0.0,0.0,0.0,0.0,0.0,0.0,0.0,0.0,0.0,0.0,0.0,0,0.0,0.0,0.0,0.0,0.0,0.0,0.0,0.0,0.0,0.0,0.0,0.0,0.0,0.0,0.0,0.0,0.0,0.0,0,0,0,0,0,0,0,0.0,0,0,0,0,0,0,0,0,0,0,0,0,0,0,0,0,0,0.0,0,0,0.0,0.0,0.0,0,0.0,1.0,0,0,0.0,0.0,0.0,0,0.0,0.0,0,0,0,0,0,0,0,0,0,0,49.669132709503174,0,0.0,0,0.0,22.91796875,0.14716136832230522,193.55932235717773,0.0,0.0,0,0,0,,0,normal,1.0,0.0,0.0,0,0,0,0,,,,,
2025-12-30T23:19:42.528924+00:00,0.0,0.0,0.0,0.0,0.0,0.0,0.0,0.0,0.0,0,0,0,0,0,0,0.0,0.0,0.0,0.0,0.0,0.0,0.0,0.0,0.0,0.0,0.0,0.0,0.0,0.0,0.0,0,0.0,0.0,0.0,0.0,0.0,0.0,0.0,0.0,0.0,0.0,0.0,0.0,0.0,0.0,0.0,0.0,0.0,0,0.0,0.0,0.0,0.0,0.0,0.0,0.0,0.0,0.0,0.0,0.0,0.0,0.0,0.0,0.0,0.0,0.0,0.0,0,0,0,0,0,0,0,0.0,0,0,0,0,0,0,0,0,0,0,0,0,0,0,0,0,0,0.0,0,0,0.0,0.0,0.0,0,0.0,1.0,0,0,0.0,0.0,0.0,0,0.0,0.0,0,0,0,0,0,0,0,0,0,0,50.77210760116577,0,0.0,0,0.0,22.91796875,0.14716136832230522,193.56011581420898,0.0,0.0,0,0,0,,0,normal,1.0,0.0,0.0,0,0,0,0,,,,,
2025-12-30T23:19:43.631613+00:00,0.0,0.0,0.0,0.0,0.0,0.0,0.0,0.0,0.0,0,0,0,0,0,0,0.0,0.0,0.0,0.0,0.0,0.0,0.0,0.0,0.0,0.0,0.0,0.0,0.0,0.0,0.0,0,0.0,0.0,0.0,0.0,0.0,0.0,0.0,0.0,0.0,0.0,0.0,0.0,0.0,0.0,0.0,0.0,0.0,0,0.0,0.0,0.0,0.0,0.0,0.0,0.0,0.0,0.0,0.0,0.0,0.0,0.0,0.0,0.0,0.0,0.0,0.0,0,0,0,0,0,0,0,0.0,0,0,0,0,0,0,0,0,0,0,0,0,0,0,0,0,0,0.0,0,0,0.0,0.0,0.0,0,0.0,1.0,0,0,0.0,0.0,0.0,0,0.0,0.0,0,0,0,0,0,0,0,0,0,0,51.874796628952026,0,0.0,0,0.0,22.91796875,0.14716136832230522,193.56011962890625,0.0,0.0,0,0,0,,0,normal,1.0,0.0,0.0,0,0,0,0,,,,,
2025-12-30T23:19:44.734519+00:00,0.0,0.0,0.0,0.0,0.0,0.0,0.0,0.0,0.0,0,0,0,0,0,0,0.0,0.0,0.0,0.0,0.0,0.0,0.0,0.0,0.0,0.0,0.0,0.0,0.0,0.0,0.0,0,0.0,0.0,0.0,0.0,0.0,0.0,0.0,0.0,0.0,0.0,0.0,0.0,0.0,0.0,0.0,0.0,0.0,0,0.0,0.0,0.0,0.0,0.0,0.0,0.0,0.0,0.0,0.0,0.0,0.0,0.0,0.0,0.0,0.0,0.0,0.0,0,0,0,0,0,0,0,0.0,0,0,0,0,0,0,0,0,0,0,0,0,0,0,0,0,0,0.0,0,0,0.0,0.0,0.0,0,0.0,1.0,0,0,0.0,0.0,0.0,0,0.0,0.0,0,0,0,0,0,0,0,0,0,0,52.977702140808105,0,0.0,0,0.0,22.91796875,0.14716136832230522,193.56012344360352,0.0,0.0,0,0,0,,0,normal,1.0,0.0,0.0,0,0,0,0,,,,,
2025-12-30T23:19:45.837665+00:00,0.0,0.0,0.0,0.0,0.0,0.0,0.0,0.0,0.0,0,0,0,0,0,0,0.0,0.0,0.0,0.0,0.0,0.0,0.0,0.0,0.0,0.0,0.0,0.0,0.0,0.0,0.0,0,0.0,0.0,0.0,0.0,0.0,0.0,0.0,0.0,0.0,0.0,0.0,0.0,0.0,0.0,0.0,0.0,0.0,0,0.0,0.0,0.0,0.0,0.0,0.0,0.0,0.0,0.0,0.0,0.0,0.0,0.0,0.0,0.0,0.0,0.0,0.0,0,0,0,0,0,0,0,0.0,0,0,0,0,0,0,0,0,0,0,0,0,0,0,0,0,0,0.0,0,0,0.0,0.0,0.0,0,0.0,1.0,0,0,0.0,0.0,0.0,0,0.0,0.0,0,0,0,0,0,0,0,0,0,0,54.08084797859192,0,0.0,0,0.0,22.91796875,0.14716136832230522,193.56012344360352,0.0,0.0,0,0,0,,0,normal,1.0,0.0,0.0,0,0,0,0,,,,,
2025-12-30T23:19:46.941253+00:00,0.0,0.0,0.0,0.0,0.0,0.0,0.0,0.0,0.0,0,0,0,0,0,0,0.0,0.0,0.0,0.0,0.0,0.0,0.0,0.0,0.0,0.0,0.0,0.0,0.0,0.0,0.0,0,0.0,0.0,0.0,0.0,0.0,0.0,0.0,0.0,0.0,0.0,0.0,0.0,0.0,0.0,0.0,0.0,0.0,0,0.0,0.0,0.0,0.0,0.0,0.0,0.0,0.0,0.0,0.0,0.0,0.0,0.0,0.0,0.0,0.0,0.0,0.0,0,0,0,0,0,0,0,0.0,0,0,0,0,0,0,0,0,0,0,0,0,0,0,0,0,0,0.0,0,0,0.0,0.0,0.0,0,0.0,1.0,0,0,0.0,0.0,0.0,0,0.0,0.0,0,0,0,0,0,0,0,0,0,0,55.184436321258545,0,0.0,0,0.0,22.91796875,0.14716136832230522,193.56091690063477,0.0,0.0,0,0,0,,0,normal,1.0,0.0,0.0,0,0,0,0,,,,,
2025-12-30T23:19:48.044643+00:00,0.0,0.0,0.0,0.0,0.0,0.0,0.0,0.0,0.0,0,0,0,0,0,0,0.0,0.0,0.0,0.0,0.0,0.0,0.0,0.0,0.0,0.0,0.0,0.0,0.0,0.0,0.0,0,0.0,0.0,0.0,0.0,0.0,0.0,0.0,0.0,0.0,0.0,0.0,0.0,0.0,0.0,0.0,0.0,0.0,0,0.0,0.0,0.0,0.0,0.0,0.0,0.0,0.0,0.0,0.0,0.0,0.0,0.0,0.0,0.0,0.0,0.0,0.0,0,0,0,0,0,0,0,0.0,0,0,0,0,0,0,0,0,0,0,0,0,0,0,0,0,0,0.0,0,0,0.0,0.0,0.0,0,0.0,1.0,0,0,0.0,0.0,0.0,0,0.0,0.0,0,0,0,0,0,0,0,0,0,0,56.28782606124878,0,0.0,0,0.0,22.91796875,0.14716136832230522,193.5609245300293,0.0,0.0,0,0,0,,0,normal,1.0,0.0,0.0,0,0,0,0,,,,,
2025-12-30T23:19:49.147866+00:00,0.0,0.0,0.0,0.0,0.0,0.0,0.0,0.0,0.0,0,0,0,0,0,0,0.0,0.0,0.0,0.0,0.0,0.0,0.0,0.0,0.0,0.0,0.0,0.0,0.0,0.0,0.0,0,0.0,0.0,0.0,0.0,0.0,0.0,0.0,0.0,0.0,0.0,0.0,0.0,0.0,0.0,0.0,0.0,0.0,0,0.0,0.0,0.0,0.0,0.0,0.0,0.0,0.0,0.0,0.0,0.0,0.0,0.0,0.0,0.0,0.0,0.0,0.0,0,0,0,0,0,0,0,0.0,0,0,0,0,0,0,0,0,0,0,0,0,0,0,0,0,0,0.0,0,0,0.0,0.0,0.0,0,0.0,1.0,0,0,0.0,0.0,0.0,0,0.0,0.0,0,0,0,0,0,0,0,0,0,0,57.39104890823364,0,0.0,0,0.0,22.91796875,0.14716136832230522,193.5609245300293,0.0,0.0,0,0,0,,0,normal,1.0,0.0,0.0,0,0,0,0,,,,,
2025-12-30T23:19:50.250992+00:00,0.0,0.0,0.0,0.0,0.0,0.0,0.0,0.0,0.0,0,0,0,0,0,0,0.0,0.0,0.0,0.0,0.0,0.0,0.0,0.0,0.0,0.0,0.0,0.0,0.0,0.0,0.0,0,0.0,0.0,0.0,0.0,0.0,0.0,0.0,0.0,0.0,0.0,0.0,0.0,0.0,0.0,0.0,0.0,0.0,0,0.0,0.0,0.0,0.0,0.0,0.0,0.0,0.0,0.0,0.0,0.0,0.0,0.0,0.0,0.0,0.0,0.0,0.0,0,0,0,0,0,0,0,0.0,0,0,0,0,0,0,0,0,0,0,0,0,0,0,0,0,0,0.0,0,0,0.0,0.0,0.0,0,0.0,1.0,0,0,0.0,0.0,0.0,0,0.0,0.0,0,0,0,0,0,0,0,0,0,0,58.49417495727539,0,0.0,0,0.0,22.91796875,0.14716136832230522,193.5609245300293,0.0,0.0,0,0,0,,0,normal,1.0,0.0,0.0,0,0,0,0,,,,,
2025-12-30T23:19:51.354597+00:00,0.0,0.0,0.0,0.0,0.0,0.0,0.0,0.0,0.0,0,0,0,0,0,0,0.0,0.0,0.0,0.0,0.0,0.0,0.0,0.0,0.0,0.0,0.0,0.0,0.0,0.0,0.0,0,0.0,0.0,0.0,0.0,0.0,0.0,0.0,0.0,0.0,0.0,0.0,0.0,0.0,0.0,0.0,0.0,0.0,0,0.0,0.0,0.0,0.0,0.0,0.0,0.0,0.0,0.0,0.0,0.0,0.0,0.0,0.0,0.0,0.0,0.0,0.0,0,0,0,0,0,0,0,0.0,0,0,0,0,0,0,0,0,0,0,0,0,0,0,0,0,0,0.0,0,0,0.0,0.0,0.0,0,0.0,1.0,0,0,0.0,0.0,0.0,0,0.0,0.0,0,0,0,0,0,0,0,0,0,0,59.59778070449829,0,0.0,0,0.0,22.86328125,0.14681020773656936,193.5626335144043,0.0,0.0,0,0,0,,0,normal,1.0,0.0,0.0,0,0,0,0,,,,,
2025-12-30T23:19:52.458271+00:00,0.0,0.0,0.0,0.0,0.0,0.0,0.0,0.0,0.0,0,0,0,0,0,0,0.0,0.0,0.0,0.0,0.0,0.0,0.0,0.0,0.0,0.0,0.0,0.0,0.0,0.0,0.0,0,0.0,0.0,0.0,0.0,0.0,0.0,0.0,0.0,0.0,0.0,0.0,0.0,0.0,0.0,0.0,0.0,0.0,0,0.0,0.0,0.0,0.0,0.0,0.0,0.0,0.0,0.0,0.0,0.0,0.0,0.0,0.0,0.0,0.0,0.0,0.0,0,0,0,0,0,0,0,0.0,0,0,0,0,0,0,0,0,0,0,0,0,0,0,0,0,0,0.0,0,0,0.0,0.0,0.0,0,0.0,1.0,0,0,0.0,0.0,0.0,0,0.0,0.0,0,0,0,0,0,0,0,0,0,0,60.701454162597656,0,0.0,0,0.0,22.86328125,0.14681020773656936,193.56263732910156,0.0,0.0,0,0,0,,0,normal,1.0,0.0,0.0,0,0,0,0,,,,,
2025-12-30T23:19:53.563755+00:00,0.0,0.0,0.0,0.0,0.0,0.0,0.0,0.0,0.0,0,0,0,0,0,0,0.0,0.0,0.0,0.0,0.0,0.0,0.0,0.0,0.0,0.0,0.0,0.0,0.0,0.0,0.0,0,0.0,0.0,0.0,0.0,0.0,0.0,0.0,0.0,0.0,0.0,0.0,0.0,0.0,0.0,0.0,0.0,0.0,0,0.0,0.0,0.0,0.0,0.0,0.0,0.0,0.0,0.0,0.0,0.0,0.0,0.0,0.0,0.0,0.0,0.0,0.0,0,0,0,0,0,0,0,0.0,0,0,0,0,0,0,0,0,0,0,0,0,0,0,0,0,0,0.0,0,0,0.0,0.0,0.0,0,0.0,1.0,0,0,0.0,0.0,0.0,0,0.0,0.0,0,0,0,0,0,0,0,0,0,0,61.80693793296814,0,0.0,0,0.0,22.86328125,0.14681020773656936,193.56270217895508,0.0,0.0,0,0,0,,0,normal,1.0,0.0,0.0,0,0,0,0,,,,,
2025-12-30T23:19:54.667733+00:00,0.0,0.0,0.0,0.0,0.0,0.0,0.0,0.0,0.0,0,0,0,0,0,0,0.0,0.0,0.0,0.0,0.0,0.0,0.0,0.0,0.0,0.0,0.0,0.0,0.0,0.0,0.0,0,0.0,0.0,0.0,0.0,0.0,0.0,0.0,0.0,0.0,0.0,0.0,0.0,0.0,0.0,0.0,0.0,0.0,0,0.0,0.0,0.0,0.0,0.0,0.0,0.0,0.0,0.0,0.0,0.0,0.0,0.0,0.0,0.0,0.0,0.0,0.0,0,0,0,0,0,0,0,0.0,0,0,0,0,0,0,0,0,0,0,0,0,0,0,0,0,0,0.0,0,0,0.0,0.0,0.0,0,0.0,1.0,0,0,0.0,0.0,0.0,0,0.0,0.0,0,0,0,0,0,0,0,0,0,0,62.9109160900116,0,0.0,0,0.0,22.86328125,0.14681020773656936,193.56270217895508,0.0,0.0,0,0,0,,0,normal,1.0,0.0,0.0,0,0,0,0,,,,,
2025-12-30T23:19:55.770946+00:00,0.0,0.0,0.0,0.0,0.0,0.0,0.0,0.0,0.0,0,0,0,0,0,0,0.0,0.0,0.0,0.0,0.0,0.0,0.0,0.0,0.0,0.0,0.0,0.0,0.0,0.0,0.0,0,0.0,0.0,0.0,0.0,0.0,0.0,0.0,0.0,0.0,0.0,0.0,0.0,0.0,0.0,0.0,0.0,0.0,0,0.0,0.0,0.0,0.0,0.0,0.0,0.0,0.0,0.0,0.0,0.0,0.0,0.0,0.0,0.0,0.0,0.0,0.0,0,0,0,0,0,0,0,0.0,0,0,0,0,0,0,0,0,0,0,0,0,0,0,0,0,0,0.0,0,0,0.0,0.0,0.0,0,0.0,1.0,0,0,0.0,0.0,0.0,0,0.0,0.0,0,0,0,0,0,0,0,0,0,0,64.01412963867188,0,0.0,0,0.0,22.86328125,0.14681020773656936,193.56270217895508,0.0,0.0,0,0,0,,0,normal,1.0,0.0,0.0,0,0,0,0,,,,,
2025-12-30T23:19:56.874392+00:00,0.0,0.0,0.0,0.0,0.0,0.0,0.0,0.0,0.0,0,0,0,0,0,0,0.0,0.0,0.0,0.0,0.0,0.0,0.0,0.0,0.0,0.0,0.0,0.0,0.0,0.0,0.0,0,0.0,0.0,0.0,0.0,0.0,0.0,0.0,0.0,0.0,0.0,0.0,0.0,0.0,0.0,0.0,0.0,0.0,0,0.0,0.0,0.0,0.0,0.0,0.0,0.0,0.0,0.0,0.0,0.0,0.0,0.0,0.0,0.0,0.0,0.0,0.0,0,0,0,0,0,0,0,0.0,0,0,0,0,0,0,0,0,0,0,0,0,0,0,0,0,0,0.0,0,0,0.0,0.0,0.0,0,0.0,1.0,0,0,0.0,0.0,0.0,0,0.0,0.0,0,0,0,0,0,0,0,0,0,0,65.11757564544678,0,0.0,0,0.0,22.86328125,0.14681020773656936,193.5626983642578,0.0,0.0,0,0,0,,0,normal,1.0,0.0,0.0,0,0,0,0,,,,,
2025-12-30T23:19:57.977258+00:00,0.0,0.0,0.0,0.0,0.0,0.0,0.0,0.0,0.0,0,0,0,0,0,0,0.0,0.0,0.0,0.0,0.0,0.0,0.0,0.0,0.0,0.0,0.0,0.0,0.0,0.0,0.0,0,0.0,0.0,0.0,0.0,0.0,0.0,0.0,0.0,0.0,0.0,0.0,0.0,0.0,0.0,0.0,0.0,0.0,0,0.0,0.0,0.0,0.0,0.0,0.0,0.0,0.0,0.0,0.0,0.0,0.0,0.0,0.0,0.0,0.0,0.0,0.0,0,0,0,0,0,0,0,0.0,0,0,0,0,0,0,0,0,0,0,0,0,0,0,0,0,0,0.0,0,0,0.0,0.0,0.0,0,0.0,1.0,0,0,0.0,0.0,0.0,0,0.0,0.0,0,0,0,0,0,0,0,0,0,0,66.22044134140015,0,0.0,0,0.0,22.8671875,0.1468352906355505,193.56270217895508,0.0,0.0,0,0,0,,0,normal,1.0,0.0,0.0,0,0,0,0,,,,,
2025-12-30T23:19:59.079894+00:00,0.0,0.0,0.0,0.0,0.0,0.0,0.0,0.0,0.0,0,0,0,0,0,0,0.0,0.0,0.0,0.0,0.0,0.0,0.0,0.0,0.0,0.0,0.0,0.0,0.0,0.0,0.0,0,0.0,0.0,0.0,0.0,0.0,0.0,0.0,0.0,0.0,0.0,0.0,0.0,0.0,0.0,0.0,0.0,0.0,0,0.0,0.0,0.0,0.0,0.0,0.0,0.0,0.0,0.0,0.0,0.0,0.0,0.0,0.0,0.0,0.0,0.0,0.0,0,0,0,0,0,0,0,0.0,0,0,0,0,0,0,0,0,0,0,0,0,0,0,0,0,0,0.0,0,0,0.0,0.0,0.0,0,0.0,1.0,0,0,0.0,0.0,0.0,0,0.0,0.0,0,0,0,0,0,0,0,0,0,0,67.32307767868042,0,0.0,0,0.0,22.8671875,0.1468352906355505,193.56270217895508,0.0,0.0,0,0,0,,0,normal,1.0,0.0,0.0,0,0,0,0,,,,,
2025-12-30T23:20:00.182074+00:00,0.0,0.0,0.0,0.0,0.0,0.0,0.0,0.0,0.0,0,0,0,0,0,0,0.0,0.0,0.0,0.0,0.0,0.0,0.0,0.0,0.0,0.0,0.0,0.0,0.0,0.0,0.0,0,0.0,0.0,0.0,0.0,0.0,0.0,0.0,0.0,0.0,0.0,0.0,0.0,0.0,0.0,0.0,0.0,0.0,0,0.0,0.0,0.0,0.0,0.0,0.0,0.0,0.0,0.0,0.0,0.0,0.0,0.0,0.0,0.0,0.0,0.0,0.0,0,0,0,0,0,0,0,0.0,0,0,0,0,0,0,0,0,0,0,0,0,0,0,0,0,0,0.0,0,0,0.0,0.0,0.0,0,0.0,1.0,0,0,0.0,0.0,0.0,0,0.0,0.0,0,0,0,0,0,0,0,0,0,0,68.42525696754456,0,0.0,0,0.0,22.8671875,0.1468352906355505,193.5627326965332,0.0,0.0,0,0,0,,0,normal,1.0,0.0,0.0,0,0,0,0,,,,,
2025-12-30T23:20:01.284487+00:00,0.0,0.0,0.0,0.0,0.0,0.0,0.0,0.0,0.0,0,0,0,0,0,0,0.0,0.0,0.0,0.0,0.0,0.0,0.0,0.0,0.0,0.0,0.0,0.0,0.0,0.0,0.0,0,0.0,0.0,0.0,0.0,0.0,0.0,0.0,0.0,0.0,0.0,0.0,0.0,0.0,0.0,0.0,0.0,0.0,0,0.0,0.0,0.0,0.0,0.0,0.0,0.0,0.0,0.0,0.0,0.0,0.0,0.0,0.0,0.0,0.0,0.0,0.0,0,0,0,0,0,0,0,0.0,0,0,0,0,0,0,0,0,0,0,0,0,0,0,0,0,0,0.0,0,0,0.0,0.0,0.0,0,0.0,1.0,0,0,0.0,0.0,0.0,0,0.0,0.0,0,0,0,0,0,0,0,0,0,0,69.52767014503479,0,0.0,0,0.0,22.8671875,0.1468352906355505,193.56450653076172,0.0,0.0,0,0,0,,0,normal,1.0,0.0,0.0,0,0,0,0,,,,,
2025-12-30T23:20:02.387041+00:00,0.0,0.0,0.0,0.0,0.0,0.0,0.0,0.0,0.0,0,0,0,0,0,0,0.0,0.0,0.0,0.0,0.0,0.0,0.0,0.0,0.0,0.0,0.0,0.0,0.0,0.0,0.0,0,0.0,0.0,0.0,0.0,0.0,0.0,0.0,0.0,0.0,0.0,0.0,0.0,0.0,0.0,0.0,0.0,0.0,0,0.0,0.0,0.0,0.0,0.0,0.0,0.0,0.0,0.0,0.0,0.0,0.0,0.0,0.0,0.0,0.0,0.0,0.0,0,0,0,0,0,0,0,0.0,0,0,0,0,0,0,0,0,0,0,0,0,0,0,0,0,0,0.0,0,0,0.0,0.0,0.0,0,0.0,1.0,0,0,0.0,0.0,0.0,0,0.0,0.0,0,0,0,0,0,0,0,0,0,0,70.63022446632385,0,0.0,0,0.0,22.8671875,0.1468352906355505,193.56499481201172,0.0,0.0,0,0,0,,0,normal,1.0,0.0,0.0,0,0,0,0,,,,,
2025-12-30T23:20:03.489371+00:00,0.0,0.0,0.0,0.0,0.0,0.0,0.0,0.0,0.0,0,0,0,0,0,0,0.0,0.0,0.0,0.0,0.0,0.0,0.0,0.0,0.0,0.0,0.0,0.0,0.0,0.0,0.0,0,0.0,0.0,0.0,0.0,0.0,0.0,0.0,0.0,0.0,0.0,0.0,0.0,0.0,0.0,0.0,0.0,0.0,0,0.0,0.0,0.0,0.0,0.0,0.0,0.0,0.0,0.0,0.0,0.0,0.0,0.0,0.0,0.0,0.0,0.0,0.0,0,0,0,0,0,0,0,0.0,0,0,0,0,0,0,0,0,0,0,0,0,0,0,0,0,0,0.0,0,0,0.0,0.0,0.0,0,0.0,1.0,0,0,0.0,0.0,0.0,0,0.0,0.0,0,0,0,0,0,0,0,0,0,0,71.73255443572998,0,0.0,0,0.0,22.8671875,0.1468352906355505,193.56499481201172,0.0,0.0,0,0,0,,0,normal,1.0,0.0,0.0,0,0,0,0,,,,,
2025-12-30T23:20:04.591926+00:00,0.0,0.0,0.0,0.0,0.0,0.0,0.0,0.0,0.0,0,0,0,0,0,0,0.0,0.0,0.0,0.0,0.0,0.0,0.0,0.0,0.0,0.0,0.0,0.0,0.0,0.0,0.0,0,0.0,0.0,0.0,0.0,0.0,0.0,0.0,0.0,0.0,0.0,0.0,0.0,0.0,0.0,0.0,0.0,0.0,0,0.0,0.0,0.0,0.0,0.0,0.0,0.0,0.0,0.0,0.0,0.0,0.0,0.0,0.0,0.0,0.0,0.0,0.0,0,0,0,0,0,0,0,0.0,0,0,0,0,0,0,0,0,0,0,0,0,0,0,0,0,0,0.0,0,0,0.0,0.0,0.0,0,0.0,1.0,0,0,0.0,0.0,0.0,0,0.0,0.0,0,0,0,0,0,0,0,0,0,0,72.83510971069336,0,0.0,0,0.0,22.8671875,0.1468352906355505,193.56499481201172,0.0,0.0,0,0,0,,0,normal,1.0,0.0,0.0,0,0,0,0,,,,,
2025-12-30T23:20:05.694712+00:00,0.0,0.0,0.0,0.0,0.0,0.0,0.0,0.0,0.0,0,0,0,0,0,0,0.0,0.0,0.0,0.0,0.0,0.0,0.0,0.0,0.0,0.0,0.0,0.0,0.0,0.0,0.0,0,0.0,0.0,0.0,0.0,0.0,0.0,0.0,0.0,0.0,0.0,0.0,0.0,0.0,0.0,0.0,0.0,0.0,0,0.0,0.0,0.0,0.0,0.0,0.0,0.0,0.0,0.0,0.0,0.0,0.0,0.0,0.0,0.0,0.0,0.0,0.0,0,0,0,0,0,0,0,0.0,0,0,0,0,0,0,0,0,0,0,0,0,0,0,0,0,0,0.0,0,0,0.0,0.0,0.0,0,0.0,1.0,0,0,0.0,0.0,0.0,0,0.0,0.0,0,0,0,0,0,0,0,0,0,0,73.93789553642273,0,0.0,0,0.0,22.8671875,0.1468352906355505,193.56499481201172,0.0,0.0,0,0,0,,0,normal,1.0,0.0,0.0,0,0,0,0,,,,,
2025-12-30T23:20:06.797717+00:00,0.0,0.0,0.0,0.0,0.0,0.0,0.0,0.0,0.0,0,0,0,0,0,0,0.0,0.0,0.0,0.0,0.0,0.0,0.0,0.0,0.0,0.0,0.0,0.0,0.0,0.0,0.0,0,0.0,0.0,0.0,0.0,0.0,0.0,0.0,0.0,0.0,0.0,0.0,0.0,0.0,0.0,0.0,0.0,0.0,0,0.0,0.0,0.0,0.0,0.0,0.0,0.0,0.0,0.0,0.0,0.0,0.0,0.0,0.0,0.0,0.0,0.0,0.0,0,0,0,0,0,0,0,0.0,0,0,0,0,0,0,0,0,0,0,0,0,0,0,0,0,0,0.0,0,0,0.0,0.0,0.0,0,0.0,1.0,0,0,0.0,0.0,0.0,0,0.0,0.0,0,0,0,0,0,0,0,0,0,0,75.0409004688263,0,0.0,0,0.0,22.8671875,0.1468352906355505,193.56390380859375,0.0,0.0,0,0,0,,0,normal,1.0,0.0,0.0,0,0,0,0,,,,,
2025-12-30T23:20:07.899686+00:00,0.0,0.0,0.0,0.0,0.0,0.0,0.0,0.0,0.0,0,0,0,0,0,0,0.0,0.0,0.0,0.0,0.0,0.0,0.0,0.0,0.0,0.0,0.0,0.0,0.0,0.0,0.0,0,0.0,0.0,0.0,0.0,0.0,0.0,0.0,0.0,0.0,0.0,0.0,0.0,0.0,0.0,0.0,0.0,0.0,0,0.0,0.0,0.0,0.0,0.0,0.0,0.0,0.0,0.0,0.0,0.0,0.0,0.0,0.0,0.0,0.0,0.0,0.0,0,0,0,0,0,0,0,0.0,0,0,0,0,0,0,0,0,0,0,0,0,0,0,0,0,0,0.0,0,0,0.0,0.0,0.0,0,0.0,1.0,0,0,0.0,0.0,0.0,0,0.0,0.0,0,0,0,0,0,0,0,0,0,0,76.14286947250366,0,0.0,0,0.0,22.8671875,0.1468352906355505,193.56390380859375,0.0,0.0,0,0,0,,0,normal,1.0,0.0,0.0,0,0,0,0,,,,,
2025-12-30T23:20:09.003298+00:00,0.0,0.0,0.0,0.0,0.0,0.0,0.0,0.0,0.0,0,0,0,0,0,0,0.0,0.0,0.0,0.0,0.0,0.0,0.0,0.0,0.0,0.0,0.0,0.0,0.0,0.0,0.0,0,0.0,0.0,0.0,0.0,0.0,0.0,0.0,0.0,0.0,0.0,0.0,0.0,0.0,0.0,0.0,0.0,0.0,0,0.0,0.0,0.0,0.0,0.0,0.0,0.0,0.0,0.0,0.0,0.0,0.0,0.0,0.0,0.0,0.0,0.0,0.0,0,0,0,0,0,0,0,0.0,0,0,0,0,0,0,0,0,0,0,0,0,0,0,0,0,0,0.0,0,0,0.0,0.0,0.0,0,0.0,1.0,0,0,0.0,0.0,0.0,0,0.0,0.0,0,0,0,0,0,0,0,0,0,0,77.24648141860962,0,0.0,0,0.0,22.8671875,0.1468352906355505,193.56390762329102,0.0,0.0,0,0,0,,0,normal,1.0,0.0,0.0,0,0,0,0,,,,,
2025-12-30T23:20:10.106406+00:00,0.0,0.0,0.0,0.0,0.0,0.0,0.0,0.0,0.0,0,0,0,0,0,0,0.0,0.0,0.0,0.0,0.0,0.0,0.0,0.0,0.0,0.0,0.0,0.0,0.0,0.0,0.0,0,0.0,0.0,0.0,0.0,0.0,0.0,0.0,0.0,0.0,0.0,0.0,0.0,0.0,0.0,0.0,0.0,0.0,0,0.0,0.0,0.0,0.0,0.0,0.0,0.0,0.0,0.0,0.0,0.0,0.0,0.0,0.0,0.0,0.0,0.0,0.0,0,0,0,0,0,0,0,0.0,0,0,0,0,0,0,0,0,0,0,0,0,0,0,0,0,0,0.0,0,0,0.0,0.0,0.0,0,0.0,1.0,0,0,0.0,0.0,0.0,0,0.0,0.0,0,0,0,0,0,0,0,0,0,0,78.34958982467651,0,0.0,0,0.0,22.8671875,0.1468352906355505,193.56391143798828,0.0,0.0,0,0,0,,0,normal,1.0,0.0,0.0,0,0,0,0,,,,,
2025-12-30T23:20:11.209596+00:00,0.0,0.0,0.0,0.0,0.0,0.0,0.0,0.0,0.0,0,0,0,0,0,0,0.0,0.0,0.0,0.0,0.0,0.0,0.0,0.0,0.0,0.0,0.0,0.0,0.0,0.0,0.0,0,0.0,0.0,0.0,0.0,0.0,0.0,0.0,0.0,0.0,0.0,0.0,0.0,0.0,0.0,0.0,0.0,0.0,0,0.0,0.0,0.0,0.0,0.0,0.0,0.0,0.0,0.0,0.0,0.0,0.0,0.0,0.0,0.0,0.0,0.0,0.0,0,0,0,0,0,0,0,0.0,0,0,0,0,0,0,0,0,0,0,0,0,0,0,0,0,0,0.0,0,0,0.0,0.0,0.0,0,0.0,1.0,0,0,0.0,0.0,0.0,0,0.0,0.0,0,0,0,0,0,0,0,0,0,0,79.4527792930603,0,0.0,0,0.0,22.8671875,0.1468352906355505,193.56391143798828,0.0,0.0,0,0,0,,0,normal,1.0,0.0,0.0,0,0,0,0,,,,,
2025-12-30T23:20:12.313612+00:00,0.0,0.0,0.0,0.0,0.0,0.0,0.0,0.0,0.0,0,0,0,0,0,0,0.0,0.0,0.0,0.0,0.0,0.0,0.0,0.0,0.0,0.0,0.0,0.0,0.0,0.0,0.0,0,0.0,0.0,0.0,0.0,0.0,0.0,0.0,0.0,0.0,0.0,0.0,0.0,0.0,0.0,0.0,0.0,0.0,0,0.0,0.0,0.0,0.0,0.0,0.0,0.0,0.0,0.0,0.0,0.0,0.0,0.0,0.0,0.0,0.0,0.0,0.0,0,0,0,0,0,0,0,0.0,0,0,0,0,0,0,0,0,0,0,0,0,0,0,0,0,0,0.0,0,0,0.0,0.0,0.0,0,0.0,1.0,0,0,0.0,0.0,0.0,0,0.0,0.0,0,0,0,0,0,0,0,0,0,0,80.55679512023926,0,0.0,0,0.0,22.8671875,0.1468352906355505,193.56391143798828,0.0,0.0,0,0,0,,0,normal,1.0,0.0,0.0,0,0,0,0,,,,,
2025-12-30T23:20:13.415926+00:00,0.0,0.0,0.0,0.0,0.0,0.0,0.0,0.0,0.0,0,0,0,0,0,0,0.0,0.0,0.0,0.0,0.0,0.0,0.0,0.0,0.0,0.0,0.0,0.0,0.0,0.0,0.0,0,0.0,0.0,0.0,0.0,0.0,0.0,0.0,0.0,0.0,0.0,0.0,0.0,0.0,0.0,0.0,0.0,0.0,0,0.0,0.0,0.0,0.0,0.0,0.0,0.0,0.0,0.0,0.0,0.0,0.0,0.0,0.0,0.0,0.0,0.0,0.0,0,0,0,0,0,0,0,0.0,0,0,0,0,0,0,0,0,0,0,0,0,0,0,0,0,0,0.0,0,0,0.0,0.0,0.0,0,0.0,1.0,0,0,0.0,0.0,0.0,0,0.0,0.0,0,0,0,0,0,0,0,0,0,0,81.659108877182,0,0.0,0,0.0,22.8671875,0.1468352906355505,193.56391143798828,0.0,0.0,0,0,0,,0,normal,1.0,0.0,0.0,0,0,0,0,,,,,
2025-12-30T23:20:14.518395+00:00,0.0,0.0,0.0,0.0,0.0,0.0,0.0,0.0,0.0,0,0,0,0,0,0,0.0,0.0,0.0,0.0,0.0,0.0,0.0,0.0,0.0,0.0,0.0,0.0,0.0,0.0,0.0,0,0.0,0.0,0.0,0.0,0.0,0.0,0.0,0.0,0.0,0.0,0.0,0.0,0.0,0.0,0.0,0.0,0.0,0,0.0,0.0,0.0,0.0,0.0,0.0,0.0,0.0,0.0,0.0,0.0,0.0,0.0,0.0,0.0,0.0,0.0,0.0,0,0,0,0,0,0,0,0.0,0,0,0,0,0,0,0,0,0,0,0,0,0,0,0,0,0,0.0,0,0,0.0,0.0,0.0,0,0.0,1.0,0,0,0.0,0.0,0.0,0,0.0,0.0,0,0,0,0,0,0,0,0,0,0,82.76157832145691,0,0.0,0,0.0,22.8671875,0.1468352906355505,193.56391143798828,0.0,0.0,0,0,0,,0,normal,1.0,0.0,0.0,0,0,0,0,,,,,
2025-12-30T23:20:15.620837+00:00,0.0,0.0,0.0,0.0,0.0,0.0,0.0,0.0,0.0,0,0,0,0,0,0,0.0,0.0,0.0,0.0,0.0,0.0,0.0,0.0,0.0,0.0,0.0,0.0,0.0,0.0,0.0,0,0.0,0.0,0.0,0.0,0.0,0.0,0.0,0.0,0.0,0.0,0.0,0.0,0.0,0.0,0.0,0.0,0.0,0,0.0,0.0,0.0,0.0,0.0,0.0,0.0,0.0,0.0,0.0,0.0,0.0,0.0,0.0,0.0,0.0,0.0,0.0,0,0,0,0,0,0,0,0.0,0,0,0,0,0,0,0,0,0,0,0,0,0,0,0,0,0,0.0,0,0,0.0,0.0,0.0,0,0.0,1.0,0,0,0.0,0.0,0.0,0,0.0,0.0,0,0,0,0,0,0,0,0,0,0,83.8640205860138,0,0.0,0,0.0,22.8671875,0.1468352906355505,193.56391143798828,0.0,0.0,0,0,0,,0,normal,1.0,0.0,0.0,0,0,0,0,,,,,
2025-12-30T23:20:16.723633+00:00,0.0,0.0,0.0,0.0,0.0,0.0,0.0,0.0,0.0,0,0,0,0,0,0,0.0,0.0,0.0,0.0,0.0,0.0,0.0,0.0,0.0,0.0,0.0,0.0,0.0,0.0,0.0,0,0.0,0.0,0.0,0.0,0.0,0.0,0.0,0.0,0.0,0.0,0.0,0.0,0.0,0.0,0.0,0.0,0.0,0,0.0,0.0,0.0,0.0,0.0,0.0,0.0,0.0,0.0,0.0,0.0,0.0,0.0,0.0,0.0,0.0,0.0,0.0,0,0,0,0,0,0,0,0.0,0,0,0,0,0,0,0,0,0,0,0,0,0,0,0,0,0,0.0,0,0,0.0,0.0,0.0,0,0.0,1.0,0,0,0.0,0.0,0.0,0,0.0,0.0,0,0,0,0,0,0,0,0,0,0,84.96681618690491,0,0.0,0,0.0,22.8671875,0.1468352906355505,193.56391143798828,0.0,0.0,0,0,0,,0,normal,1.0,0.0,0.0,0,0,0,0,,,,,
2025-12-30T23:20:17.826418+00:00,0.0,0.0,0.0,0.0,0.0,0.0,0.0,0.0,0.0,0,0,0,0,0,0,0.0,0.0,0.0,0.0,0.0,0.0,0.0,0.0,0.0,0.0,0.0,0.0,0.0,0.0,0.0,0,0.0,0.0,0.0,0.0,0.0,0.0,0.0,0.0,0.0,0.0,0.0,0.0,0.0,0.0,0.0,0.0,0.0,0,0.0,0.0,0.0,0.0,0.0,0.0,0.0,0.0,0.0,0.0,0.0,0.0,0.0,0.0,0.0,0.0,0.0,0.0,0,0,0,0,0,0,0,0.0,0,0,0,0,0,0,0,0,0,0,0,0,0,0,0,0,0,0.0,0,0,0.0,0.0,0.0,0,0.0,1.0,0,0,0.0,0.0,0.0,0,0.0,0.0,0,0,0,0,0,0,0,0,0,0,86.06960082054138,0,0.0,0,0.0,22.8671875,0.1468352906355505,193.56391525268555,0.0,0.0,0,0,0,,0,normal,1.0,0.0,0.0,0,0,0,0,,,,,
2025-12-30T23:20:18.930330+00:00,0.0,0.0,0.0,0.0,0.0,0.0,0.0,0.0,0.0,0,0,0,0,0,0,0.0,0.0,0.0,0.0,0.0,0.0,0.0,0.0,0.0,0.0,0.0,0.0,0.0,0.0,0.0,0,0.0,0.0,0.0,0.0,0.0,0.0,0.0,0.0,0.0,0.0,0.0,0.0,0.0,0.0,0.0,0.0,0.0,0,0.0,0.0,0.0,0.0,0.0,0.0,0.0,0.0,0.0,0.0,0.0,0.0,0.0,0.0,0.0,0.0,0.0,0.0,0,0,0,0,0,0,0,0.0,0,0,0,0,0,0,0,0,0,0,0,0,0,0,0,0,0,0.0,0,0,0.0,0.0,0.0,0,0.0,1.0,0,0,0.0,0.0,0.0,0,0.0,0.0,0,0,0,0,0,0,0,0,0,0,87.17351388931274,0,0.0,0,0.0,22.8671875,0.1468352906355505,193.56610870361328,0.0,0.0,0,0,0,,0,normal,1.0,0.0,0.0,0,0,0,0,,,,,
2025-12-30T23:20:20.032994+00:00,0.0,0.0,0.0,0.0,0.0,0.0,0.0,0.0,0.0,0,0,0,0,0,0,0.0,0.0,0.0,0.0,0.0,0.0,0.0,0.0,0.0,0.0,0.0,0.0,0.0,0.0,0.0,0,0.0,0.0,0.0,0.0,0.0,0.0,0.0,0.0,0.0,0.0,0.0,0.0,0.0,0.0,0.0,0.0,0.0,0,0.0,0.0,0.0,0.0,0.0,0.0,0.0,0.0,0.0,0.0,0.0,0.0,0.0,0.0,0.0,0.0,0.0,0.0,0,0,0,0,0,0,0,0.0,0,0,0,0,0,0,0,0,0,0,0,0,0,0,0,0,0,0.0,0,0,0.0,0.0,0.0,0,0.0,1.0,0,0,0.0,0.0,0.0,0,0.0,0.0,0,0,0,0,0,0,0,0,0,0,88.27617716789246,0,0.0,0,0.0,22.8671875,0.1468352906355505,193.56611251831055,0.0,0.0,0,0,0,,0,normal,1.0,0.0,0.0,0,0,0,0,,,,,
2025-12-30T23:20:21.135449+00:00,0.0,0.0,0.0,0.0,0.0,0.0,0.0,0.0,0.0,0,0,0,0,0,0,0.0,0.0,0.0,0.0,0.0,0.0,0.0,0.0,0.0,0.0,0.0,0.0,0.0,0.0,0.0,0,0.0,0.0,0.0,0.0,0.0,0.0,0.0,0.0,0.0,0.0,0.0,0.0,0.0,0.0,0.0,0.0,0.0,0,0.0,0.0,0.0,0.0,0.0,0.0,0.0,0.0,0.0,0.0,0.0,0.0,0.0,0.0,0.0,0.0,0.0,0.0,0,0,0,0,0,0,0,0.0,0,0,0,0,0,0,0,0,0,0,0,0,0,0,0,0,0,0.0,0,0,0.0,0.0,0.0,0,0.0,1.0,0,0,0.0,0.0,0.0,0,0.0,0.0,0,0,0,0,0,0,0,0,0,0,89.37863278388977,0,0.0,0,0.0,22.8671875,0.1468352906355505,193.56782150268555,0.0,0.0,0,0,0,,0,normal,1.0,0.0,0.0,0,0,0,0,,,,,
2025-12-30T23:20:22.238733+00:00,0.0,0.0,0.0,0.0,0.0,0.0,0.0,0.0,0.0,0,0,0,0,0,0,0.0,0.0,0.0,0.0,0.0,0.0,0.0,0.0,0.0,0.0,0.0,0.0,0.0,0.0,0.0,0,0.0,0.0,0.0,0.0,0.0,0.0,0.0,0.0,0.0,0.0,0.0,0.0,0.0,0.0,0.0,0.0,0.0,0,0.0,0.0,0.0,0.0,0.0,0.0,0.0,0.0,0.0,0.0,0.0,0.0,0.0,0.0,0.0,0.0,0.0,0.0,0,0,0,0,0,0,0,0.0,0,0,0,0,0,0,0,0,0,0,0,0,0,0,0,0,0,0.0,0,0,0.0,0.0,0.0,0,0.0,1.0,0,0,0.0,0.0,0.0,0,0.0,0.0,0,0,0,0,0,0,0,0,0,0,90.4819164276123,0,0.0,0,0.0,22.8671875,0.1468352906355505,193.5677604675293,0.0,0.0,0,0,0,,0,normal,1.0,0.0,0.0,0,0,0,0,,,,,
2025-12-30T23:20:23.341642+00:00,0.0,0.0,0.0,0.0,0.0,0.0,0.0,0.0,0.0,0,0,0,0,0,0,0.0,0.0,0.0,0.0,0.0,0.0,0.0,0.0,0.0,0.0,0.0,0.0,0.0,0.0,0.0,0,0.0,0.0,0.0,0.0,0.0,0.0,0.0,0.0,0.0,0.0,0.0,0.0,0.0,0.0,0.0,0.0,0.0,0,0.0,0.0,0.0,0.0,0.0,0.0,0.0,0.0,0.0,0.0,0.0,0.0,0.0,0.0,0.0,0.0,0.0,0.0,0,0,0,0,0,0,0,0.0,0,0,0,0,0,0,0,0,0,0,0,0,0,0,0,0,0,0.0,0,0,0.0,0.0,0.0,0,0.0,1.0,0,0,0.0,0.0,0.0,0,0.0,0.0,0,0,0,0,0,0,0,0,0,0,91.58482575416565,0,0.0,0,0.0,22.8671875,0.1468352906355505,193.56776809692383,0.0,0.0,0,0,0,,0,normal,1.0,0.0,0.0,0,0,0,0,,,,,
2025-12-30T23:20:24.444908+00:00,0.0,0.0,0.0,0.0,0.0,0.0,0.0,0.0,0.0,0,0,0,0,0,0,0.0,0.0,0.0,0.0,0.0,0.0,0.0,0.0,0.0,0.0,0.0,0.0,0.0,0.0,0.0,0,0.0,0.0,0.0,0.0,0.0,0.0,0.0,0.0,0.0,0.0,0.0,0.0,0.0,0.0,0.0,0.0,0.0,0,0.0,0.0,0.0,0.0,0.0,0.0,0.0,0.0,0.0,0.0,0.0,0.0,0.0,0.0,0.0,0.0,0.0,0.0,0,0,0,0,0,0,0,0.0,0,0,0,0,0,0,0,0,0,0,0,0,0,0,0,0,0,0.0,0,0,0.0,0.0,0.0,0,0.0,1.0,0,0,0.0,0.0,0.0,0,0.0,0.0,0,0,0,0,0,0,0,0,0,0,92.68809175491333,0,0.0,0,0.0,22.8671875,0.1468352906355505,193.56771087646484,0.0,0.0,0,0,0,,0,normal,1.0,0.0,0.0,0,0,0,0,,,,,
2025-12-30T23:20:25.549914+00:00,0.0,0.0,0.0,0.0,0.0,0.0,0.0,0.0,0.0,0,0,0,0,0,0,0.0,0.0,0.0,0.0,0.0,0.0,0.0,0.0,0.0,0.0,0.0,0.0,0.0,0.0,0.0,0,0.0,0.0,0.0,0.0,0.0,0.0,0.0,0.0,0.0,0.0,0.0,0.0,0.0,0.0,0.0,0.0,0.0,0,0.0,0.0,0.0,0.0,0.0,0.0,0.0,0.0,0.0,0.0,0.0,0.0,0.0,0.0,0.0,0.0,0.0,0.0,0,0,0,0,0,0,0,0.0,0,0,0,0,0,0,0,0,0,0,0,0,0,0,0,0,0,0.0,0,0,0.0,0.0,0.0,0,0.0,1.0,0,0,0.0,0.0,0.0,0,0.0,0.0,0,0,0,0,0,0,0,0,0,0,93.7930977344513,0,0.0,0,0.0,22.8671875,0.1468352906355505,193.5677719116211,0.0,0.0,0,0,0,,0,normal,1.0,0.0,0.0,0,0,0,0,,,,,
2025-12-30T23:20:26.653193+00:00,0.0,0.0,0.0,0.0,0.0,0.0,0.0,0.0,0.0,0,0,0,0,0,0,0.0,0.0,0.0,0.0,0.0,0.0,0.0,0.0,0.0,0.0,0.0,0.0,0.0,0.0,0.0,0,0.0,0.0,0.0,0.0,0.0,0.0,0.0,0.0,0.0,0.0,0.0,0.0,0.0,0.0,0.0,0.0,0.0,0,0.0,0.0,0.0,0.0,0.0,0.0,0.0,0.0,0.0,0.0,0.0,0.0,0.0,0.0,0.0,0.0,0.0,0.0,0,0,0,0,0,0,0,0.0,0,0,0,0,0,0,0,0,0,0,0,0,0,0,0,0,0,0.0,0,0,0.0,0.0,0.0,0,0.0,1.0,0,0,0.0,0.0,0.0,0,0.0,0.0,0,0,0,0,0,0,0,0,0,0,94.89637660980225,0,0.0,0,0.0,22.8671875,0.1468352906355505,193.56777572631836,0.0,0.0,0,0,0,,0,normal,1.0,0.0,0.0,0,0,0,0,,,,,
2025-12-30T23:20:27.755536+00:00,0.0,0.0,0.0,0.0,0.0,0.0,0.0,0.0,0.0,0,0,0,0,0,0,0.0,0.0,0.0,0.0,0.0,0.0,0.0,0.0,0.0,0.0,0.0,0.0,0.0,0.0,0.0,0,0.0,0.0,0.0,0.0,0.0,0.0,0.0,0.0,0.0,0.0,0.0,0.0,0.0,0.0,0.0,0.0,0.0,0,0.0,0.0,0.0,0.0,0.0,0.0,0.0,0.0,0.0,0.0,0.0,0.0,0.0,0.0,0.0,0.0,0.0,0.0,0,0,0,0,0,0,0,0.0,0,0,0,0,0,0,0,0,0,0,0,0,0,0,0,0,0,0.0,0,0,0.0,0.0,0.0,0,0.0,1.0,0,0,0.0,0.0,0.0,0,0.0,0.0,0,0,0,0,0,0,0,0,0,0,95.99871897697449,0,0.0,0,0.0,22.8671875,0.1468352906355505,193.5678367614746,0.0,0.0,0,0,0,,0,normal,1.0,0.0,0.0,0,0,0,0,,,,,
2025-12-30T23:20:28.858271+00:00,0.0,0.0,0.0,0.0,0.0,0.0,0.0,0.0,0.0,0,0,0,0,0,0,0.0,0.0,0.0,0.0,0.0,0.0,0.0,0.0,0.0,0.0,0.0,0.0,0.0,0.0,0.0,0,0.0,0.0,0.0,0.0,0.0,0.0,0.0,0.0,0.0,0.0,0.0,0.0,0.0,0.0,0.0,0.0,0.0,0,0.0,0.0,0.0,0.0,0.0,0.0,0.0,0.0,0.0,0.0,0.0,0.0,0.0,0.0,0.0,0.0,0.0,0.0,0,0,0,0,0,0,0,0.0,0,0,0,0,0,0,0,0,0,0,0,0,0,0,0,0,0,0.0,0,0,0.0,0.0,0.0,0,0.0,1.0,0,0,0.0,0.0,0.0,0,0.0,0.0,0,0,0,0,0,0,0,0,0,0,97.10145378112793,0,0.0,0,0.0,22.8671875,0.1468352906355505,193.5678367614746,0.0,0.0,0,0,0,,0,normal,1.0,0.0,0.0,0,0,0,0,,,,,
2025-12-30T23:20:29.962740+00:00,0.0,0.0,0.0,0.0,0.0,0.0,0.0,0.0,0.0,0,0,0,0,0,0,0.0,0.0,0.0,0.0,0.0,0.0,0.0,0.0,0.0,0.0,0.0,0.0,0.0,0.0,0.0,0,0.0,0.0,0.0,0.0,0.0,0.0,0.0,0.0,0.0,0.0,0.0,0.0,0.0,0.0,0.0,0.0,0.0,0,0.0,0.0,0.0,0.0,0.0,0.0,0.0,0.0,0.0,0.0,0.0,0.0,0.0,0.0,0.0,0.0,0.0,0.0,0,0,0,0,0,0,0,0.0,0,0,0,0,0,0,0,0,0,0,0,0,0,0,0,0,0,0.0,0,0,0.0,0.0,0.0,0,0.0,1.0,0,0,0.0,0.0,0.0,0,0.0,0.0,0,0,0,0,0,0,0,0,0,0,98.2059235572815,0,0.0,0,0.0,22.8671875,0.1468352906355505,193.56782913208008,0.0,0.0,0,0,0,,0,normal,1.0,0.0,0.0,0,0,0,0,,,,,
2025-12-30T23:20:31.064793+00:00,0.0,0.0,0.0,0.0,0.0,0.0,0.0,0.0,0.0,0,0,0,0,0,0,0.0,0.0,0.0,0.0,0.0,0.0,0.0,0.0,0.0,0.0,0.0,0.0,0.0,0.0,0.0,0,0.0,0.0,0.0,0.0,0.0,0.0,0.0,0.0,0.0,0.0,0.0,0.0,0.0,0.0,0.0,0.0,0.0,0,0.0,0.0,0.0,0.0,0.0,0.0,0.0,0.0,0.0,0.0,0.0,0.0,0.0,0.0,0.0,0.0,0.0,0.0,0,0,0,0,0,0,0,0.0,0,0,0,0,0,0,0,0,0,0,0,0,0,0,0,0,0,0.0,0,0,0.0,0.0,0.0,0,0.0,1.0,0,0,0.0,0.0,0.0,0,0.0,0.0,0,0,0,0,0,0,0,0,0,0,99.30797624588013,0,0.0,0,0.0,22.8671875,0.1468352906355505,193.5679054260254,0.0,0.0,0,0,0,,0,normal,1.0,0.0,0.0,0,0,0,0,,,,,
2025-12-30T23:20:32.169534+00:00,0.0,0.0,0.0,0.0,0.0,0.0,0.0,0.0,0.0,0,0,0,0,0,0,0.0,0.0,0.0,0.0,0.0,0.0,0.0,0.0,0.0,0.0,0.0,0.0,0.0,0.0,0.0,0,0.0,0.0,0.0,0.0,0.0,0.0,0.0,0.0,0.0,0.0,0.0,0.0,0.0,0.0,0.0,0.0,0.0,0,0.0,0.0,0.0,0.0,0.0,0.0,0.0,0.0,0.0,0.0,0.0,0.0,0.0,0.0,0.0,0.0,0.0,0.0,0,0,0,0,0,0,0,0.0,0,0,0,0,0,0,0,0,0,0,0,0,0,0,0,0,0,0.0,0,0,0.0,0.0,0.0,0,0.0,1.0,0,0,0.0,0.0,0.0,0,0.0,0.0,0,0,0,0,0,0,0,0,0,0,100.41271781921387,0,0.0,0,0.0,22.8671875,0.1468352906355505,193.5679054260254,0.0,0.0,0,0,0,,0,normal,1.0,0.0,0.0,0,0,0,0,,,,,
2025-12-30T23:20:33.272174+00:00,0.0,0.0,0.0,0.0,0.0,0.0,0.0,0.0,0.0,0,0,0,0,0,0,0.0,0.0,0.0,0.0,0.0,0.0,0.0,0.0,0.0,0.0,0.0,0.0,0.0,0.0,0.0,0,0.0,0.0,0.0,0.0,0.0,0.0,0.0,0.0,0.0,0.0,0.0,0.0,0.0,0.0,0.0,0.0,0.0,0,0.0,0.0,0.0,0.0,0.0,0.0,0.0,0.0,0.0,0.0,0.0,0.0,0.0,0.0,0.0,0.0,0.0,0.0,0,0,0,0,0,0,0,0.0,0,0,0,0,0,0,0,0,0,0,0,0,0,0,0,0,0,0.0,0,0,0.0,0.0,0.0,0,0.0,1.0,0,0,0.0,0.0,0.0,0,0.0,0.0,0,0,0,0,0,0,0,0,0,0,101.51535749435425,0,0.0,0,0.0,22.8671875,0.1468352906355505,193.5679054260254,0.0,0.0,0,0,0,,0,normal,1.0,0.0,0.0,0,0,0,0,,,,,
2025-12-30T23:20:34.374031+00:00,0.0,0.0,0.0,0.0,0.0,0.0,0.0,0.0,0.0,0,0,0,0,0,0,0.0,0.0,0.0,0.0,0.0,0.0,0.0,0.0,0.0,0.0,0.0,0.0,0.0,0.0,0.0,0,0.0,0.0,0.0,0.0,0.0,0.0,0.0,0.0,0.0,0.0,0.0,0.0,0.0,0.0,0.0,0.0,0.0,0,0.0,0.0,0.0,0.0,0.0,0.0,0.0,0.0,0.0,0.0,0.0,0.0,0.0,0.0,0.0,0.0,0.0,0.0,0,0,0,0,0,0,0,0.0,0,0,0,0,0,0,0,0,0,0,0,0,0,0,0,0,0,0.0,0,0,0.0,0.0,0.0,0,0.0,1.0,0,0,0.0,0.0,0.0,0,0.0,0.0,0,0,0,0,0,0,0,0,0,0,102.61721444129944,0,0.0,0,0.0,22.8671875,0.1468352906355505,193.5679054260254,0.0,0.0,0,0,0,,0,normal,1.0,0.0,0.0,0,0,0,0,,,,,
2025-12-30T23:20:35.477111+00:00,0.0,0.0,0.0,0.0,0.0,0.0,0.0,0.0,0.0,0,0,0,0,0,0,0.0,0.0,0.0,0.0,0.0,0.0,0.0,0.0,0.0,0.0,0.0,0.0,0.0,0.0,0.0,0,0.0,0.0,0.0,0.0,0.0,0.0,0.0,0.0,0.0,0.0,0.0,0.0,0.0,0.0,0.0,0.0,0.0,0,0.0,0.0,0.0,0.0,0.0,0.0,0.0,0.0,0.0,0.0,0.0,0.0,0.0,0.0,0.0,0.0,0.0,0.0,0,0,0,0,0,0,0,0.0,0,0,0,0,0,0,0,0,0,0,0,0,0,0,0,0,0,0.0,0,0,0.0,0.0,0.0,0,0.0,1.0,0,0,0.0,0.0,0.0,0,0.0,0.0,0,0,0,0,0,0,0,0,0,0,103.72029423713684,0,0.0,0,0.0,22.8671875,0.1468352906355505,193.56790924072266,0.0,0.0,0,0,0,,0,normal,1.0,0.0,0.0,0,0,0,0,,,,,
2025-12-30T23:20:36.579065+00:00,0.0,0.0,0.0,0.0,0.0,0.0,0.0,0.0,0.0,0,0,0,0,0,0,0.0,0.0,0.0,0.0,0.0,0.0,0.0,0.0,0.0,0.0,0.0,0.0,0.0,0.0,0.0,0,0.0,0.0,0.0,0.0,0.0,0.0,0.0,0.0,0.0,0.0,0.0,0.0,0.0,0.0,0.0,0.0,0.0,0,0.0,0.0,0.0,0.0,0.0,0.0,0.0,0.0,0.0,0.0,0.0,0.0,0.0,0.0,0.0,0.0,0.0,0.0,0,0,0,0,0,0,0,0.0,0,0,0,0,0,0,0,0,0,0,0,0,0,0,0,0,0,0.0,0,0,0.0,0.0,0.0,0,0.0,1.0,0,0,0.0,0.0,0.0,0,0.0,0.0,0,0,0,0,0,0,0,0,0,0,104.8222484588623,0,0.0,0,0.0,22.8671875,0.1468352906355505,193.5695571899414,0.0,0.0,0,0,0,,0,normal,1.0,0.0,0.0,0,0,0,0,,,,,
2025-12-30T23:20:37.681338+00:00,0.0,0.0,0.0,0.0,0.0,0.0,0.0,0.0,0.0,0,0,0,0,0,0,0.0,0.0,0.0,0.0,0.0,0.0,0.0,0.0,0.0,0.0,0.0,0.0,0.0,0.0,0.0,0,0.0,0.0,0.0,0.0,0.0,0.0,0.0,0.0,0.0,0.0,0.0,0.0,0.0,0.0,0.0,0.0,0.0,0,0.0,0.0,0.0,0.0,0.0,0.0,0.0,0.0,0.0,0.0,0.0,0.0,0.0,0.0,0.0,0.0,0.0,0.0,0,0,0,0,0,0,0,0.0,0,0,0,0,0,0,0,0,0,0,0,0,0,0,0,0,0,0.0,0,0,0.0,0.0,0.0,0,0.0,1.0,0,0,0.0,0.0,0.0,0,0.0,0.0,0,0,0,0,0,0,0,0,0,0,105.92452144622803,0,0.0,0,0.0,22.8671875,0.1468352906355505,193.5699234008789,0.0,0.0,0,0,0,,0,normal,1.0,0.0,0.0,0,0,0,0,,,,,
2025-12-30T23:20:38.783682+00:00,0.0,0.0,0.0,0.0,0.0,0.0,0.0,0.0,0.0,0,0,0,0,0,0,0.0,0.0,0.0,0.0,0.0,0.0,0.0,0.0,0.0,0.0,0.0,0.0,0.0,0.0,0.0,0,0.0,0.0,0.0,0.0,0.0,0.0,0.0,0.0,0.0,0.0,0.0,0.0,0.0,0.0,0.0,0.0,0.0,0,0.0,0.0,0.0,0.0,0.0,0.0,0.0,0.0,0.0,0.0,0.0,0.0,0.0,0.0,0.0,0.0,0.0,0.0,0,0,0,0,0,0,0,0.0,0,0,0,0,0,0,0,0,0,0,0,0,0,0,0,0,0,0.0,0,0,0.0,0.0,0.0,0,0.0,1.0,0,0,0.0,0.0,0.0,0,0.0,0.0,0,0,0,0,0,0,0,0,0,0,107.02686548233032,0,0.0,0,0.0,22.8671875,0.1468352906355505,193.5702896118164,0.0,0.0,0,0,0,,0,normal,1.0,0.0,0.0,0,0,0,0,,,,,
2025-12-30T23:20:39.886184+00:00,0.0,0.0,0.0,0.0,0.0,0.0,0.0,0.0,0.0,0,0,0,0,0,0,0.0,0.0,0.0,0.0,0.0,0.0,0.0,0.0,0.0,0.0,0.0,0.0,0.0,0.0,0.0,0,0.0,0.0,0.0,0.0,0.0,0.0,0.0,0.0,0.0,0.0,0.0,0.0,0.0,0.0,0.0,0.0,0.0,0,0.0,0.0,0.0,0.0,0.0,0.0,0.0,0.0,0.0,0.0,0.0,0.0,0.0,0.0,0.0,0.0,0.0,0.0,0,0,0,0,0,0,0,0.0,0,0,0,0,0,0,0,0,0,0,0,0,0,0,0,0,0,0.0,0,0,0.0,0.0,0.0,0,0.0,1.0,0,0,0.0,0.0,0.0,0,0.0,0.0,0,0,0,0,0,0,0,0,0,0,108.12936758995056,0,0.0,0,0.0,22.8671875,0.1468352906355505,193.57029724121094,0.0,0.0,0,0,0,,0,normal,1.0,0.0,0.0,0,0,0,0,,,,,
2025-12-30T23:20:40.988058+00:00,0.0,0.0,0.0,0.0,0.0,0.0,0.0,0.0,0.0,0,0,0,0,0,0,0.0,0.0,0.0,0.0,0.0,0.0,0.0,0.0,0.0,0.0,0.0,0.0,0.0,0.0,0.0,0,0.0,0.0,0.0,0.0,0.0,0.0,0.0,0.0,0.0,0.0,0.0,0.0,0.0,0.0,0.0,0.0,0.0,0,0.0,0.0,0.0,0.0,0.0,0.0,0.0,0.0,0.0,0.0,0.0,0.0,0.0,0.0,0.0,0.0,0.0,0.0,0,0,0,0,0,0,0,0.0,0,0,0,0,0,0,0,0,0,0,0,0,0,0,0,0,0,0.0,0,0,0.0,0.0,0.0,0,0.0,1.0,0,0,0.0,0.0,0.0,0,0.0,0.0,0,0,0,0,0,0,0,0,0,0,109.23124122619629,0,0.0,0,0.0,22.8671875,0.1468352906355505,193.57029724121094,0.0,0.0,0,0,0,,0,normal,1.0,0.0,0.0,0,0,0,0,,,,,
2025-12-30T23:20:42.089724+00:00,0.0,0.0,0.0,0.0,0.0,0.0,0.0,0.0,0.0,0,0,0,0,0,0,0.0,0.0,0.0,0.0,0.0,0.0,0.0,0.0,0.0,0.0,0.0,0.0,0.0,0.0,0.0,0,0.0,0.0,0.0,0.0,0.0,0.0,0.0,0.0,0.0,0.0,0.0,0.0,0.0,0.0,0.0,0.0,0.0,0,0.0,0.0,0.0,0.0,0.0,0.0,0.0,0.0,0.0,0.0,0.0,0.0,0.0,0.0,0.0,0.0,0.0,0.0,0,0,0,0,0,0,0,0.0,0,0,0,0,0,0,0,0,0,0,0,0,0,0,0,0,0,0.0,0,0,0.0,0.0,0.0,0,0.0,1.0,0,0,0.0,0.0,0.0,0,0.0,0.0,0,0,0,0,0,0,0,0,0,0,110.33290719985962,0,0.0,0,0.0,22.8671875,0.1468352906355505,193.57109451293945,0.0,0.0,0,0,0,,0,normal,1.0,0.0,0.0,0,0,0,0,,,,,
2025-12-30T23:20:43.191956+00:00,0.0,0.0,0.0,0.0,0.0,0.0,0.0,0.0,0.0,0,0,0,0,0,0,0.0,0.0,0.0,0.0,0.0,0.0,0.0,0.0,0.0,0.0,0.0,0.0,0.0,0.0,0.0,0,0.0,0.0,0.0,0.0,0.0,0.0,0.0,0.0,0.0,0.0,0.0,0.0,0.0,0.0,0.0,0.0,0.0,0,0.0,0.0,0.0,0.0,0.0,0.0,0.0,0.0,0.0,0.0,0.0,0.0,0.0,0.0,0.0,0.0,0.0,0.0,0,0,0,0,0,0,0,0.0,0,0,0,0,0,0,0,0,0,0,0,0,0,0,0,0,0,0.0,0,0,0.0,0.0,0.0,0,0.0,1.0,0,0,0.0,0.0,0.0,0,0.0,0.0,0,0,0,0,0,0,0,0,0,0,111.43513941764832,0,0.0,0,0.0,22.8671875,0.1468352906355505,193.57109832763672,0.0,0.0,0,0,0,,0,normal,1.0,0.0,0.0,0,0,0,0,,,,,
2025-12-30T23:20:44.294074+00:00,0.0,0.0,0.0,0.0,0.0,0.0,0.0,0.0,0.0,0,0,0,0,0,0,0.0,0.0,0.0,0.0,0.0,0.0,0.0,0.0,0.0,0.0,0.0,0.0,0.0,0.0,0.0,0,0.0,0.0,0.0,0.0,0.0,0.0,0.0,0.0,0.0,0.0,0.0,0.0,0.0,0.0,0.0,0.0,0.0,0,0.0,0.0,0.0,0.0,0.0,0.0,0.0,0.0,0.0,0.0,0.0,0.0,0.0,0.0,0.0,0.0,0.0,0.0,0,0,0,0,0,0,0,0.0,0,0,0,0,0,0,0,0,0,0,0,0,0,0,0,0,0,0.0,0,0,0.0,0.0,0.0,0,0.0,1.0,0,0,0.0,0.0,0.0,0,0.0,0.0,0,0,0,0,0,0,0,0,0,0,112.53725695610046,0,0.0,0,0.0,22.8671875,0.1468352906355505,193.57109832763672,0.0,0.0,0,0,0,,0,normal,1.0,0.0,0.0,0,0,0,0,,,,,
2025-12-30T23:20:45.396813+00:00,0.0,0.0,0.0,0.0,0.0,0.0,0.0,0.0,0.0,0,0,0,0,0,0,0.0,0.0,0.0,0.0,0.0,0.0,0.0,0.0,0.0,0.0,0.0,0.0,0.0,0.0,0.0,0,0.0,0.0,0.0,0.0,0.0,0.0,0.0,0.0,0.0,0.0,0.0,0.0,0.0,0.0,0.0,0.0,0.0,0,0.0,0.0,0.0,0.0,0.0,0.0,0.0,0.0,0.0,0.0,0.0,0.0,0.0,0.0,0.0,0.0,0.0,0.0,0,0,0,0,0,0,0,0.0,0,0,0,0,0,0,0,0,0,0,0,0,0,0,0,0,0,0.0,0,0,0.0,0.0,0.0,0,0.0,1.0,0,0,0.0,0.0,0.0,0,0.0,0.0,0,0,0,0,0,0,0,0,0,0,113.63999605178833,0,0.0,0,0.0,22.8671875,0.1468352906355505,193.57109832763672,0.0,0.0,0,0,0,,0,normal,1.0,0.0,0.0,0,0,0,0,,,,,
2025-12-30T23:20:46.500153+00:00,0.0,0.0,0.0,0.0,0.0,0.0,0.0,0.0,0.0,0,0,0,0,0,0,0.0,0.0,0.0,0.0,0.0,0.0,0.0,0.0,0.0,0.0,0.0,0.0,0.0,0.0,0.0,0,0.0,0.0,0.0,0.0,0.0,0.0,0.0,0.0,0.0,0.0,0.0,0.0,0.0,0.0,0.0,0.0,0.0,0,0.0,0.0,0.0,0.0,0.0,0.0,0.0,0.0,0.0,0.0,0.0,0.0,0.0,0.0,0.0,0.0,0.0,0.0,0,0,0,0,0,0,0,0.0,0,0,0,0,0,0,0,0,0,0,0,0,0,0,0,0,0,0.0,0,0,0.0,0.0,0.0,0,0.0,1.0,0,0,0.0,0.0,0.0,0,0.0,0.0,0,0,0,0,0,0,0,0,0,0,114.74333643913269,0,0.0,0,0.0,22.8671875,0.1468352906355505,193.56788635253906,0.0,0.0,0,0,0,,0,normal,1.0,0.0,0.0,0,0,0,0,,,,,
2025-12-30T23:20:47.604130+00:00,0.0,0.0,0.0,0.0,0.0,0.0,0.0,0.0,0.0,0,0,0,0,0,0,0.0,0.0,0.0,0.0,0.0,0.0,0.0,0.0,0.0,0.0,0.0,0.0,0.0,0.0,0.0,0,0.0,0.0,0.0,0.0,0.0,0.0,0.0,0.0,0.0,0.0,0.0,0.0,0.0,0.0,0.0,0.0,0.0,0,0.0,0.0,0.0,0.0,0.0,0.0,0.0,0.0,0.0,0.0,0.0,0.0,0.0,0.0,0.0,0.0,0.0,0.0,0,0,0,0,0,0,0,0.0,0,0,0,0,0,0,0,0,0,0,0,0,0,0,0,0,0,0.0,0,0,0.0,0.0,0.0,0,0.0,1.0,0,0,0.0,0.0,0.0,0,0.0,0.0,0,0,0,0,0,0,0,0,0,0,115.84731364250183,0,0.0,0,0.0,22.8671875,0.1468352906355505,193.56788635253906,0.0,0.0,0,0,0,,0,normal,1.0,0.0,0.0,0,0,0,0,,,,,
2025-12-30T23:20:48.706048+00:00,0.0,0.0,0.0,0.0,0.0,0.0,0.0,0.0,0.0,0,0,0,0,0,0,0.0,0.0,0.0,0.0,0.0,0.0,0.0,0.0,0.0,0.0,0.0,0.0,0.0,0.0,0.0,0,0.0,0.0,0.0,0.0,0.0,0.0,0.0,0.0,0.0,0.0,0.0,0.0,0.0,0.0,0.0,0.0,0.0,0,0.0,0.0,0.0,0.0,0.0,0.0,0.0,0.0,0.0,0.0,0.0,0.0,0.0,0.0,0.0,0.0,0.0,0.0,0,0,0,0,0,0,0,0.0,0,0,0,0,0,0,0,0,0,0,0,0,0,0,0,0,0,0.0,0,0,0.0,0.0,0.0,0,0.0,1.0,0,0,0.0,0.0,0.0,0,0.0,0.0,0,0,0,0,0,0,0,0,0,0,116.94923090934753,0,0.0,0,0.0,22.8671875,0.1468352906355505,193.56788635253906,0.0,0.0,0,0,0,,0,normal,1.0,0.0,0.0,0,0,0,0,,,,,
2025-12-30T23:20:49.808606+00:00,0.0,0.0,0.0,0.0,0.0,0.0,0.0,0.0,0.0,0,0,0,0,0,0,0.0,0.0,0.0,0.0,0.0,0.0,0.0,0.0,0.0,0.0,0.0,0.0,0.0,0.0,0.0,0,0.0,0.0,0.0,0.0,0.0,0.0,0.0,0.0,0.0,0.0,0.0,0.0,0.0,0.0,0.0,0.0,0.0,0,0.0,0.0,0.0,0.0,0.0,0.0,0.0,0.0,0.0,0.0,0.0,0.0,0.0,0.0,0.0,0.0,0.0,0.0,0,0,0,0,0,0,0,0.0,0,0,0,0,0,0,0,0,0,0,0,0,0,0,0,0,0,0.0,0,0,0.0,0.0,0.0,0,0.0,1.0,0,0,0.0,0.0,0.0,0,0.0,0.0,0,0,0,0,0,0,0,0,0,0,118.05178880691528,0,0.0,0,0.0,22.8671875,0.1468352906355505,193.56788635253906,0.0,0.0,0,0,0,,0,normal,1.0,0.0,0.0,0,0,0,0,,,,,
2025-12-30T23:20:50.913789+00:00,0.0,0.0,0.0,0.0,0.0,0.0,0.0,0.0,0.0,0,0,0,0,0,0,0.0,0.0,0.0,0.0,0.0,0.0,0.0,0.0,0.0,0.0,0.0,0.0,0.0,0.0,0.0,0,0.0,0.0,0.0,0.0,0.0,0.0,0.0,0.0,0.0,0.0,0.0,0.0,0.0,0.0,0.0,0.0,0.0,0,0.0,0.0,0.0,0.0,0.0,0.0,0.0,0.0,0.0,0.0,0.0,0.0,0.0,0.0,0.0,0.0,0.0,0.0,0,0,0,0,0,0,0,0.0,0,0,0,0,0,0,0,0,0,0,0,0,0,0,0,0,0,0.0,0,0,0.0,0.0,0.0,0,0.0,1.0,0,0,0.0,0.0,0.0,0,0.0,0.0,0,0,0,0,0,0,0,0,0,0,119.15697240829468,0,0.0,0,0.0,22.8671875,0.1468352906355505,193.56789016723633,0.0,0.0,0,0,0,,0,normal,1.0,0.0,0.0,0,0,0,0,,,,,
2025-12-30T23:20:52.016799+00:00,0.0,0.0,0.0,0.0,0.0,0.0,0.0,0.0,0.0,0,0,0,0,0,0,0.0,0.0,0.0,0.0,0.0,0.0,0.0,0.0,0.0,0.0,0.0,0.0,0.0,0.0,0.0,0,0.0,0.0,0.0,0.0,0.0,0.0,0.0,0.0,0.0,0.0,0.0,0.0,0.0,0.0,0.0,0.0,0.0,0,0.0,0.0,0.0,0.0,0.0,0.0,0.0,0.0,0.0,0.0,0.0,0.0,0.0,0.0,0.0,0.0,0.0,0.0,0,0,0,0,0,0,0,0.0,0,0,0,0,0,0,0,0,0,0,0,0,0,0,0,0,0,0.0,0,0,0.0,0.0,0.0,0,0.0,1.0,0,0,0.0,0.0,0.0,0,0.0,0.0,0,0,0,0,0,0,0,0,0,0,120.2599823474884,0,0.0,0,0.0,22.8671875,0.1468352906355505,193.56681442260742,0.0,0.0,0,0,0,,0,normal,1.0,0.0,0.0,0,0,0,0,,,,,
2025-12-30T23:20:53.118244+00:00,0.0,0.0,0.0,0.0,0.0,0.0,0.0,0.0,0.0,0,0,0,0,0,0,0.0,0.0,0.0,0.0,0.0,0.0,0.0,0.0,0.0,0.0,0.0,0.0,0.0,0.0,0.0,0,0.0,0.0,0.0,0.0,0.0,0.0,0.0,0.0,0.0,0.0,0.0,0.0,0.0,0.0,0.0,0.0,0.0,0,0.0,0.0,0.0,0.0,0.0,0.0,0.0,0.0,0.0,0.0,0.0,0.0,0.0,0.0,0.0,0.0,0.0,0.0,0,0,0,0,0,0,0,0.0,0,0,0,0,0,0,0,0,0,0,0,0,0,0,0,0,0,0.0,0,0,0.0,0.0,0.0,0,0.0,1.0,0,0,0.0,0.0,0.0,0,0.0,0.0,0,0,0,0,0,0,0,0,0,0,121.36142778396606,0,0.0,0,0.0,22.8671875,0.1468352906355505,193.56681442260742,0.0,0.0,0,0,0,,0,normal,1.0,0.0,0.0,0,0,0,0,,,,,
2025-12-30T23:20:54.221645+00:00,0.0,0.0,0.0,0.0,0.0,0.0,0.0,0.0,0.0,0,0,0,0,0,0,0.0,0.0,0.0,0.0,0.0,0.0,0.0,0.0,0.0,0.0,0.0,0.0,0.0,0.0,0.0,0,0.0,0.0,0.0,0.0,0.0,0.0,0.0,0.0,0.0,0.0,0.0,0.0,0.0,0.0,0.0,0.0,0.0,0,0.0,0.0,0.0,0.0,0.0,0.0,0.0,0.0,0.0,0.0,0.0,0.0,0.0,0.0,0.0,0.0,0.0,0.0,0,0,0,0,0,0,0,0.0,0,0,0,0,0,0,0,0,0,0,0,0,0,0,0,0,0,0.0,0,0,0.0,0.0,0.0,0,0.0,1.0,0,0,0.0,0.0,0.0,0,0.0,0.0,0,0,0,0,0,0,0,0,0,0,122.46482825279236,0,0.0,0,0.0,22.8671875,0.1468352906355505,193.56681442260742,0.0,0.0,0,0,0,,0,normal,1.0,0.0,0.0,0,0,0,0,,,,,
2025-12-30T23:20:55.324263+00:00,0.0,0.0,0.0,0.0,0.0,0.0,0.0,0.0,0.0,0,0,0,0,0,0,0.0,0.0,0.0,0.0,0.0,0.0,0.0,0.0,0.0,0.0,0.0,0.0,0.0,0.0,0.0,0,0.0,0.0,0.0,0.0,0.0,0.0,0.0,0.0,0.0,0.0,0.0,0.0,0.0,0.0,0.0,0.0,0.0,0,0.0,0.0,0.0,0.0,0.0,0.0,0.0,0.0,0.0,0.0,0.0,0.0,0.0,0.0,0.0,0.0,0.0,0.0,0,0,0,0,0,0,0,0.0,0,0,0,0,0,0,0,0,0,0,0,0,0,0,0,0,0,0.0,0,0,0.0,0.0,0.0,0,0.0,1.0,0,0,0.0,0.0,0.0,0,0.0,0.0,0,0,0,0,0,0,0,0,0,0,123.56744599342346,0,0.0,0,0.0,22.8671875,0.1468352906355505,193.56675720214844,0.0,0.0,0,0,0,,0,normal,1.0,0.0,0.0,0,0,0,0,,,,,
2025-12-30T23:20:56.426309+00:00,0.0,0.0,0.0,0.0,0.0,0.0,0.0,0.0,0.0,0,0,0,0,0,0,0.0,0.0,0.0,0.0,0.0,0.0,0.0,0.0,0.0,0.0,0.0,0.0,0.0,0.0,0.0,0,0.0,0.0,0.0,0.0,0.0,0.0,0.0,0.0,0.0,0.0,0.0,0.0,0.0,0.0,0.0,0.0,0.0,0,0.0,0.0,0.0,0.0,0.0,0.0,0.0,0.0,0.0,0.0,0.0,0.0,0.0,0.0,0.0,0.0,0.0,0.0,0,0,0,0,0,0,0,0.0,0,0,0,0,0,0,0,0,0,0,0,0,0,0,0,0,0,0.0,0,0,0.0,0.0,0.0,0,0.0,1.0,0,0,0.0,0.0,0.0,0,0.0,0.0,0,0,0,0,0,0,0,0,0,0,124.66949248313904,0,0.0,0,0.0,22.8671875,0.1468352906355505,193.56682205200195,0.0,0.0,0,0,0,,0,normal,1.0,0.0,0.0,0,0,0,0,,,,,
2025-12-30T23:20:57.528703+00:00,0.0,0.0,0.0,0.0,0.0,0.0,0.0,0.0,0.0,0,0,0,0,0,0,0.0,0.0,0.0,0.0,0.0,0.0,0.0,0.0,0.0,0.0,0.0,0.0,0.0,0.0,0.0,0,0.0,0.0,0.0,0.0,0.0,0.0,0.0,0.0,0.0,0.0,0.0,0.0,0.0,0.0,0.0,0.0,0.0,0,0.0,0.0,0.0,0.0,0.0,0.0,0.0,0.0,0.0,0.0,0.0,0.0,0.0,0.0,0.0,0.0,0.0,0.0,0,0,0,0,0,0,0,0.0,0,0,0,0,0,0,0,0,0,0,0,0,0,0,0,0,0,0.0,0,0,0.0,0.0,0.0,0,0.0,1.0,0,0,0.0,0.0,0.0,0,0.0,0.0,0,0,0,0,0,0,0,0,0,0,125.77188634872437,0,0.0,0,0.0,22.8671875,0.1468352906355505,193.5667610168457,0.0,0.0,0,0,0,,0,normal,1.0,0.0,0.0,0,0,0,0,,,,,
2025-12-30T23:20:58.631087+00:00,0.0,0.0,0.0,0.0,0.0,0.0,0.0,0.0,0.0,0,0,0,0,0,0,0.0,0.0,0.0,0.0,0.0,0.0,0.0,0.0,0.0,0.0,0.0,0.0,0.0,0.0,0.0,0,0.0,0.0,0.0,0.0,0.0,0.0,0.0,0.0,0.0,0.0,0.0,0.0,0.0,0.0,0.0,0.0,0.0,0,0.0,0.0,0.0,0.0,0.0,0.0,0.0,0.0,0.0,0.0,0.0,0.0,0.0,0.0,0.0,0.0,0.0,0.0,0,0,0,0,0,0,0,0.0,0,0,0,0,0,0,0,0,0,0,0,0,0,0,0,0,0,0.0,0,0,0.0,0.0,0.0,0,0.0,1.0,0,0,0.0,0.0,0.0,0,0.0,0.0,0,0,0,0,0,0,0,0,0,0,126.87427020072937,0,0.0,0,0.0,22.8671875,0.1468352906355505,193.5667610168457,0.0,0.0,0,0,0,,0,normal,1.0,0.0,0.0,0,0,0,0,,,,,
2025-12-30T23:20:59.732990+00:00,0.0,0.0,0.0,0.0,0.0,0.0,0.0,0.0,0.0,0,0,0,0,0,0,0.0,0.0,0.0,0.0,0.0,0.0,0.0,0.0,0.0,0.0,0.0,0.0,0.0,0.0,0.0,0,0.0,0.0,0.0,0.0,0.0,0.0,0.0,0.0,0.0,0.0,0.0,0.0,0.0,0.0,0.0,0.0,0.0,0,0.0,0.0,0.0,0.0,0.0,0.0,0.0,0.0,0.0,0.0,0.0,0.0,0.0,0.0,0.0,0.0,0.0,0.0,0,0,0,0,0,0,0,0.0,0,0,0,0,0,0,0,0,0,0,0,0,0,0,0,0,0,0.0,0,0,0.0,0.0,0.0,0,0.0,1.0,0,0,0.0,0.0,0.0,0,0.0,0.0,0,0,0,0,0,0,0,0,0,0,127.97617316246033,0,0.0,0,0.0,22.8671875,0.1468352906355505,193.56676864624023,0.0,0.0,0,0,0,,0,normal,1.0,0.0,0.0,0,0,0,0,,,,,
2025-12-30T23:21:00.835262+00:00,0.0,0.0,0.0,0.0,0.0,0.0,0.0,0.0,0.0,0,0,0,0,0,0,0.0,0.0,0.0,0.0,0.0,0.0,0.0,0.0,0.0,0.0,0.0,0.0,0.0,0.0,0.0,0,0.0,0.0,0.0,0.0,0.0,0.0,0.0,0.0,0.0,0.0,0.0,0.0,0.0,0.0,0.0,0.0,0.0,0,0.0,0.0,0.0,0.0,0.0,0.0,0.0,0.0,0.0,0.0,0.0,0.0,0.0,0.0,0.0,0.0,0.0,0.0,0,0,0,0,0,0,0,0.0,0,0,0,0,0,0,0,0,0,0,0,0,0,0,0,0,0,0.0,0,0,0.0,0.0,0.0,0,0.0,1.0,0,0,0.0,0.0,0.0,0,0.0,0.0,0,0,0,0,0,0,0,0,0,0,129.0784456729889,0,0.0,0,0.0,22.8671875,0.1468352906355505,193.56676864624023,0.0,0.0,0,0,0,,0,normal,1.0,0.0,0.0,0,0,0,0,,,,,
2025-12-30T23:21:01.937247+00:00,0.0,0.0,0.0,0.0,0.0,0.0,0.0,0.0,0.0,0,0,0,0,0,0,0.0,0.0,0.0,0.0,0.0,0.0,0.0,0.0,0.0,0.0,0.0,0.0,0.0,0.0,0.0,0,0.0,0.0,0.0,0.0,0.0,0.0,0.0,0.0,0.0,0.0,0.0,0.0,0.0,0.0,0.0,0.0,0.0,0,0.0,0.0,0.0,0.0,0.0,0.0,0.0,0.0,0.0,0.0,0.0,0.0,0.0,0.0,0.0,0.0,0.0,0.0,0,0,0,0,0,0,0,0.0,0,0,0,0,0,0,0,0,0,0,0,0,0,0,0,0,0,0.0,0,0,0.0,0.0,0.0,0,0.0,1.0,0,0,0.0,0.0,0.0,0,0.0,0.0,0,0,0,0,0,0,0,0,0,0,130.1804301738739,0,0.0,0,0.0,22.8671875,0.1468352906355505,193.56841659545898,0.0,0.0,0,0,0,,0,normal,1.0,0.0,0.0,0,0,0,0,,,,,
2025-12-30T23:21:03.039736+00:00,0.0,0.0,0.0,0.0,0.0,0.0,0.0,0.0,0.0,0,0,0,0,0,0,0.0,0.0,0.0,0.0,0.0,0.0,0.0,0.0,0.0,0.0,0.0,0.0,0.0,0.0,0.0,0,0.0,0.0,0.0,0.0,0.0,0.0,0.0,0.0,0.0,0.0,0.0,0.0,0.0,0.0,0.0,0.0,0.0,0,0.0,0.0,0.0,0.0,0.0,0.0,0.0,0.0,0.0,0.0,0.0,0.0,0.0,0.0,0.0,0.0,0.0,0.0,0,0,0,0,0,0,0,0.0,0,0,0,0,0,0,0,0,0,0,0,0,0,0,0,0,0,0.0,0,0,0.0,0.0,0.0,0,0.0,1.0,0,0,0.0,0.0,0.0,0,0.0,0.0,0,0,0,0,0,0,0,0,0,0,131.2829191684723,0,0.0,0,0.0,22.8671875,0.1468352906355505,193.56841659545898,0.0,0.0,0,0,0,,0,normal,1.0,0.0,0.0,0,0,0,0,,,,,
2025-12-30T23:21:04.142749+00:00,0.0,0.0,0.0,0.0,0.0,0.0,0.0,0.0,0.0,0,0,0,0,0,0,0.0,0.0,0.0,0.0,0.0,0.0,0.0,0.0,0.0,0.0,0.0,0.0,0.0,0.0,0.0,0,0.0,0.0,0.0,0.0,0.0,0.0,0.0,0.0,0.0,0.0,0.0,0.0,0.0,0.0,0.0,0.0,0.0,0,0.0,0.0,0.0,0.0,0.0,0.0,0.0,0.0,0.0,0.0,0.0,0.0,0.0,0.0,0.0,0.0,0.0,0.0,0,0,0,0,0,0,0,0.0,0,0,0,0,0,0,0,0,0,0,0,0,0,0,0,0,0,0.0,0,0,0.0,0.0,0.0,0,0.0,1.0,0,0,0.0,0.0,0.0,0,0.0,0.0,0,0,0,0,0,0,0,0,0,0,132.38593196868896,0,0.0,0,0.0,22.8671875,0.1468352906355505,193.56841659545898,0.0,0.0,0,0,0,,0,normal,1.0,0.0,0.0,0,0,0,0,,,,,
2025-12-30T23:21:05.245317+00:00,0.0,0.0,0.0,0.0,0.0,0.0,0.0,0.0,0.0,0,0,0,0,0,0,0.0,0.0,0.0,0.0,0.0,0.0,0.0,0.0,0.0,0.0,0.0,0.0,0.0,0.0,0.0,0,0.0,0.0,0.0,0.0,0.0,0.0,0.0,0.0,0.0,0.0,0.0,0.0,0.0,0.0,0.0,0.0,0.0,0,0.0,0.0,0.0,0.0,0.0,0.0,0.0,0.0,0.0,0.0,0.0,0.0,0.0,0.0,0.0,0.0,0.0,0.0,0,0,0,0,0,0,0,0.0,0,0,0,0,0,0,0,0,0,0,0,0,0,0,0,0,0,0.0,0,0,0.0,0.0,0.0,0,0.0,1.0,0,0,0.0,0.0,0.0,0,0.0,0.0,0,0,0,0,0,0,0,0,0,0,133.4885003566742,0,0.0,0,0.0,22.8671875,0.1468352906355505,193.56841659545898,0.0,0.0,0,0,0,,0,normal,1.0,0.0,0.0,0,0,0,0,,,,,
2025-12-30T23:21:06.346936+00:00,0.0,0.0,0.0,0.0,0.0,0.0,0.0,0.0,0.0,0,0,0,0,0,0,0.0,0.0,0.0,0.0,0.0,0.0,0.0,0.0,0.0,0.0,0.0,0.0,0.0,0.0,0.0,0,0.0,0.0,0.0,0.0,0.0,0.0,0.0,0.0,0.0,0.0,0.0,0.0,0.0,0.0,0.0,0.0,0.0,0,0.0,0.0,0.0,0.0,0.0,0.0,0.0,0.0,0.0,0.0,0.0,0.0,0.0,0.0,0.0,0.0,0.0,0.0,0,0,0,0,0,0,0,0.0,0,0,0,0,0,0,0,0,0,0,0,0,0,0,0,0,0,0.0,0,0,0.0,0.0,0.0,0,0.0,1.0,0,0,0.0,0.0,0.0,0,0.0,0.0,0,0,0,0,0,0,0,0,0,0,134.59011912345886,0,0.0,0,0.0,22.84765625,0.14670987614064485,193.57012557983398,0.0,0.0,0,0,0,,0,normal,1.0,0.0,0.0,0,0,0,0,,,,,
2025-12-30T23:21:07.449239+00:00,0.0,0.0,0.0,0.0,0.0,0.0,0.0,0.0,0.0,0,0,0,0,0,0,0.0,0.0,0.0,0.0,0.0,0.0,0.0,0.0,0.0,0.0,0.0,0.0,0.0,0.0,0.0,0,0.0,0.0,0.0,0.0,0.0,0.0,0.0,0.0,0.0,0.0,0.0,0.0,0.0,0.0,0.0,0.0,0.0,0,0.0,0.0,0.0,0.0,0.0,0.0,0.0,0.0,0.0,0.0,0.0,0.0,0.0,0.0,0.0,0.0,0.0,0.0,0,0,0,0,0,0,0,0.0,0,0,0,0,0,0,0,0,0,0,0,0,0,0,0,0,0,0.0,0,0,0.0,0.0,0.0,0,0.0,1.0,0,0,0.0,0.0,0.0,0,0.0,0.0,0,0,0,0,0,0,0,0,0,0,135.69242215156555,0,0.0,0,0.0,22.84765625,0.14670987614064485,193.57012557983398,0.0,0.0,0,0,0,,0,normal,1.0,0.0,0.0,0,0,0,0,,,,,
2025-12-30T23:21:08.551499+00:00,0.0,0.0,0.0,0.0,0.0,0.0,0.0,0.0,0.0,0,0,0,0,0,0,0.0,0.0,0.0,0.0,0.0,0.0,0.0,0.0,0.0,0.0,0.0,0.0,0.0,0.0,0.0,0,0.0,0.0,0.0,0.0,0.0,0.0,0.0,0.0,0.0,0.0,0.0,0.0,0.0,0.0,0.0,0.0,0.0,0,0.0,0.0,0.0,0.0,0.0,0.0,0.0,0.0,0.0,0.0,0.0,0.0,0.0,0.0,0.0,0.0,0.0,0.0,0,0,0,0,0,0,0,0.0,0,0,0,0,0,0,0,0,0,0,0,0,0,0,0,0,0,0.0,0,0,0.0,0.0,0.0,0,0.0,1.0,0,0,0.0,0.0,0.0,0,0.0,0.0,0,0,0,0,0,0,0,0,0,0,136.79468274116516,0,0.0,0,0.0,22.84765625,0.14670987614064485,193.57013320922852,0.0,0.0,0,0,0,,0,normal,1.0,0.0,0.0,0,0,0,0,,,,,
2025-12-30T23:21:09.653462+00:00,0.0,0.0,0.0,0.0,0.0,0.0,0.0,0.0,0.0,0,0,0,0,0,0,0.0,0.0,0.0,0.0,0.0,0.0,0.0,0.0,0.0,0.0,0.0,0.0,0.0,0.0,0.0,0,0.0,0.0,0.0,0.0,0.0,0.0,0.0,0.0,0.0,0.0,0.0,0.0,0.0,0.0,0.0,0.0,0.0,0,0.0,0.0,0.0,0.0,0.0,0.0,0.0,0.0,0.0,0.0,0.0,0.0,0.0,0.0,0.0,0.0,0.0,0.0,0,0,0,0,0,0,0,0.0,0,0,0,0,0,0,0,0,0,0,0,0,0,0,0,0,0,0.0,0,0,0.0,0.0,0.0,0,0.0,1.0,0,0,0.0,0.0,0.0,0,0.0,0.0,0,0,0,0,0,0,0,0,0,0,137.89664483070374,0,0.0,0,0.0,22.84765625,0.14670987614064485,193.57013320922852,0.0,0.0,0,0,0,,0,normal,1.0,0.0,0.0,0,0,0,0,,,,,
2025-12-30T23:21:10.755633+00:00,0.0,0.0,0.0,0.0,0.0,0.0,0.0,0.0,0.0,0,0,0,0,0,0,0.0,0.0,0.0,0.0,0.0,0.0,0.0,0.0,0.0,0.0,0.0,0.0,0.0,0.0,0.0,0,0.0,0.0,0.0,0.0,0.0,0.0,0.0,0.0,0.0,0.0,0.0,0.0,0.0,0.0,0.0,0.0,0.0,0,0.0,0.0,0.0,0.0,0.0,0.0,0.0,0.0,0.0,0.0,0.0,0.0,0.0,0.0,0.0,0.0,0.0,0.0,0,0,0,0,0,0,0,0.0,0,0,0,0,0,0,0,0,0,0,0,0,0,0,0,0,0,0.0,0,0,0.0,0.0,0.0,0,0.0,1.0,0,0,0.0,0.0,0.0,0,0.0,0.0,0,0,0,0,0,0,0,0,0,0,138.99881672859192,0,0.0,0,0.0,22.84765625,0.14670987614064485,193.57013320922852,0.0,0.0,0,0,0,,0,normal,1.0,0.0,0.0,0,0,0,0,,,,,
2025-12-30T23:21:11.858502+00:00,0.0,0.0,0.0,0.0,0.0,0.0,0.0,0.0,0.0,0,0,0,0,0,0,0.0,0.0,0.0,0.0,0.0,0.0,0.0,0.0,0.0,0.0,0.0,0.0,0.0,0.0,0.0,0,0.0,0.0,0.0,0.0,0.0,0.0,0.0,0.0,0.0,0.0,0.0,0.0,0.0,0.0,0.0,0.0,0.0,0,0.0,0.0,0.0,0.0,0.0,0.0,0.0,0.0,0.0,0.0,0.0,0.0,0.0,0.0,0.0,0.0,0.0,0.0,0,0,0,0,0,0,0,0.0,0,0,0,0,0,0,0,0,0,0,0,0,0,0,0,0,0,0.0,0,0,0.0,0.0,0.0,0,0.0,1.0,0,0,0.0,0.0,0.0,0,0.0,0.0,0,0,0,0,0,0,0,0,0,0,140.1016857624054,0,0.0,0,0.0,22.84765625,0.14670987614064485,193.57013702392578,0.0,0.0,0,0,0,,0,normal,1.0,0.0,0.0,0,0,0,0,,,,,
2025-12-30T23:21:12.961100+00:00,0.0,0.0,0.0,0.0,0.0,0.0,0.0,0.0,0.0,0,0,0,0,0,0,0.0,0.0,0.0,0.0,0.0,0.0,0.0,0.0,0.0,0.0,0.0,0.0,0.0,0.0,0.0,0,0.0,0.0,0.0,0.0,0.0,0.0,0.0,0.0,0.0,0.0,0.0,0.0,0.0,0.0,0.0,0.0,0.0,0,0.0,0.0,0.0,0.0,0.0,0.0,0.0,0.0,0.0,0.0,0.0,0.0,0.0,0.0,0.0,0.0,0.0,0.0,0,0,0,0,0,0,0,0.0,0,0,0,0,0,0,0,0,0,0,0,0,0,0,0,0,0,0.0,0,0,0.0,0.0,0.0,0,0.0,1.0,0,0,0.0,0.0,0.0,0,0.0,0.0,0,0,0,0,0,0,0,0,0,0,141.20428347587585,0,0.0,0,0.0,22.84765625,0.14670987614064485,193.57013702392578,0.0,0.0,0,0,0,,0,normal,1.0,0.0,0.0,0,0,0,0,,,,,
2025-12-30T23:21:14.063299+00:00,0.0,0.0,0.0,0.0,0.0,0.0,0.0,0.0,0.0,0,0,0,0,0,0,0.0,0.0,0.0,0.0,0.0,0.0,0.0,0.0,0.0,0.0,0.0,0.0,0.0,0.0,0.0,0,0.0,0.0,0.0,0.0,0.0,0.0,0.0,0.0,0.0,0.0,0.0,0.0,0.0,0.0,0.0,0.0,0.0,0,0.0,0.0,0.0,0.0,0.0,0.0,0.0,0.0,0.0,0.0,0.0,0.0,0.0,0.0,0.0,0.0,0.0,0.0,0,0,0,0,0,0,0,0.0,0,0,0,0,0,0,0,0,0,0,0,0,0,0,0,0,0,0.0,0,0,0.0,0.0,0.0,0,0.0,1.0,0,0,0.0,0.0,0.0,0,0.0,0.0,0,0,0,0,0,0,0,0,0,0,142.30648255348206,0,0.0,0,0.0,22.84765625,0.14670987614064485,193.57013702392578,0.0,0.0,0,0,0,,0,normal,1.0,0.0,0.0,0,0,0,0,,,,,
2025-12-30T23:21:15.166139+00:00,0.0,0.0,0.0,0.0,0.0,0.0,0.0,0.0,0.0,0,0,0,0,0,0,0.0,0.0,0.0,0.0,0.0,0.0,0.0,0.0,0.0,0.0,0.0,0.0,0.0,0.0,0.0,0,0.0,0.0,0.0,0.0,0.0,0.0,0.0,0.0,0.0,0.0,0.0,0.0,0.0,0.0,0.0,0.0,0.0,0,0.0,0.0,0.0,0.0,0.0,0.0,0.0,0.0,0.0,0.0,0.0,0.0,0.0,0.0,0.0,0.0,0.0,0.0,0,0,0,0,0,0,0,0.0,0,0,0,0,0,0,0,0,0,0,0,0,0,0,0,0,0,0.0,0,0,0.0,0.0,0.0,0,0.0,1.0,0,0,0.0,0.0,0.0,0,0.0,0.0,0,0,0,0,0,0,0,0,0,0,143.40932202339172,0,0.0,0,0.0,22.84765625,0.14670987614064485,193.57013702392578,0.0,0.0,0,0,0,,0,normal,1.0,0.0,0.0,0,0,0,0,,,,,
2025-12-30T23:21:16.268690+00:00,0.0,0.0,0.0,0.0,0.0,0.0,0.0,0.0,0.0,0,0,0,0,0,0,0.0,0.0,0.0,0.0,0.0,0.0,0.0,0.0,0.0,0.0,0.0,0.0,0.0,0.0,0.0,0,0.0,0.0,0.0,0.0,0.0,0.0,0.0,0.0,0.0,0.0,0.0,0.0,0.0,0.0,0.0,0.0,0.0,0,0.0,0.0,0.0,0.0,0.0,0.0,0.0,0.0,0.0,0.0,0.0,0.0,0.0,0.0,0.0,0.0,0.0,0.0,0,0,0,0,0,0,0,0.0,0,0,0,0,0,0,0,0,0,0,0,0,0,0,0,0,0,0.0,0,0,0.0,0.0,0.0,0,0.0,1.0,0,0,0.0,0.0,0.0,0,0.0,0.0,0,0,0,0,0,0,0,0,0,0,144.51187348365784,0,0.0,0,0.0,22.84765625,0.14670987614064485,193.57014083862305,0.0,0.0,0,0,0,,0,normal,1.0,0.0,0.0,0,0,0,0,,,,,
2025-12-30T23:21:17.370529+00:00,0.0,0.0,0.0,0.0,0.0,0.0,0.0,0.0,0.0,0,0,0,0,0,0,0.0,0.0,0.0,0.0,0.0,0.0,0.0,0.0,0.0,0.0,0.0,0.0,0.0,0.0,0.0,0,0.0,0.0,0.0,0.0,0.0,0.0,0.0,0.0,0.0,0.0,0.0,0.0,0.0,0.0,0.0,0.0,0.0,0,0.0,0.0,0.0,0.0,0.0,0.0,0.0,0.0,0.0,0.0,0.0,0.0,0.0,0.0,0.0,0.0,0.0,0.0,0,0,0,0,0,0,0,0.0,0,0,0,0,0,0,0,0,0,0,0,0,0,0,0,0,0,0.0,0,0,0.0,0.0,0.0,0,0.0,1.0,0,0,0.0,0.0,0.0,0,0.0,0.0,0,0,0,0,0,0,0,0,0,0,145.61371207237244,0,0.0,0,0.0,22.84765625,0.14670987614064485,193.57014083862305,0.0,0.0,0,0,0,,0,normal,1.0,0.0,0.0,0,0,0,0,,,,,
2025-12-30T23:21:18.473160+00:00,0.0,0.0,0.0,0.0,0.0,0.0,0.0,0.0,0.0,0,0,0,0,0,0,0.0,0.0,0.0,0.0,0.0,0.0,0.0,0.0,0.0,0.0,0.0,0.0,0.0,0.0,0.0,0,0.0,0.0,0.0,0.0,0.0,0.0,0.0,0.0,0.0,0.0,0.0,0.0,0.0,0.0,0.0,0.0,0.0,0,0.0,0.0,0.0,0.0,0.0,0.0,0.0,0.0,0.0,0.0,0.0,0.0,0.0,0.0,0.0,0.0,0.0,0.0,0,0,0,0,0,0,0,0.0,0,0,0,0,0,0,0,0,0,0,0,0,0,0,0,0,0,0.0,0,0,0.0,0.0,0.0,0,0.0,1.0,0,0,0.0,0.0,0.0,0,0.0,0.0,0,0,0,0,0,0,0,0,0,0,146.7163438796997,0,0.0,0,0.0,22.84765625,0.14670987614064485,193.57014083862305,0.0,0.0,0,0,0,,0,normal,1.0,0.0,0.0,0,0,0,0,,,,,
2025-12-30T23:21:19.574728+00:00,0.0,0.0,0.0,0.0,0.0,0.0,0.0,0.0,0.0,0,0,0,0,0,0,0.0,0.0,0.0,0.0,0.0,0.0,0.0,0.0,0.0,0.0,0.0,0.0,0.0,0.0,0.0,0,0.0,0.0,0.0,0.0,0.0,0.0,0.0,0.0,0.0,0.0,0.0,0.0,0.0,0.0,0.0,0.0,0.0,0,0.0,0.0,0.0,0.0,0.0,0.0,0.0,0.0,0.0,0.0,0.0,0.0,0.0,0.0,0.0,0.0,0.0,0.0,0,0,0,0,0,0,0,0.0,0,0,0,0,0,0,0,0,0,0,0,0,0,0,0,0,0,0.0,0,0,0.0,0.0,0.0,0,0.0,1.0,0,0,0.0,0.0,0.0,0,0.0,0.0,0,0,0,0,0,0,0,0,0,0,147.81791162490845,0,0.0,0,0.0,22.84765625,0.14670987614064485,193.57014083862305,0.0,0.0,0,0,0,,0,normal,1.0,0.0,0.0,0,0,0,0,,,,,
2025-12-30T23:21:20.677498+00:00,0.0,0.0,0.0,0.0,0.0,0.0,0.0,0.0,0.0,0,0,0,0,0,0,0.0,0.0,0.0,0.0,0.0,0.0,0.0,0.0,0.0,0.0,0.0,0.0,0.0,0.0,0.0,0,0.0,0.0,0.0,0.0,0.0,0.0,0.0,0.0,0.0,0.0,0.0,0.0,0.0,0.0,0.0,0.0,0.0,0,0.0,0.0,0.0,0.0,0.0,0.0,0.0,0.0,0.0,0.0,0.0,0.0,0.0,0.0,0.0,0.0,0.0,0.0,0,0,0,0,0,0,0,0.0,0,0,0,0,0,0,0,0,0,0,0,0,0,0,0,0,0,0.0,0,0,0.0,0.0,0.0,0,0.0,1.0,0,0,0.0,0.0,0.0,0,0.0,0.0,0,0,0,0,0,0,0,0,0,0,148.92068099975586,0,0.0,0,0.0,22.84765625,0.14670987614064485,193.57022857666016,0.0,0.0,0,0,0,,0,normal,1.0,0.0,0.0,0,0,0,0,,,,,
2025-12-30T23:21:21.780543+00:00,0.0,0.0,0.0,0.0,0.0,0.0,0.0,0.0,0.0,0,0,0,0,0,0,0.0,0.0,0.0,0.0,0.0,0.0,0.0,0.0,0.0,0.0,0.0,0.0,0.0,0.0,0.0,0,0.0,0.0,0.0,0.0,0.0,0.0,0.0,0.0,0.0,0.0,0.0,0.0,0.0,0.0,0.0,0.0,0.0,0,0.0,0.0,0.0,0.0,0.0,0.0,0.0,0.0,0.0,0.0,0.0,0.0,0.0,0.0,0.0,0.0,0.0,0.0,0,0,0,0,0,0,0,0.0,0,0,0,0,0,0,0,0,0,0,0,0,0,0,0,0,0,0.0,0,0,0.0,0.0,0.0,0,0.0,1.0,0,0,0.0,0.0,0.0,0,0.0,0.0,0,0,0,0,0,0,0,0,0,0,150.0237259864807,0,0.0,0,0.0,22.84765625,0.14670987614064485,193.56015396118164,0.0,0.0,0,0,0,,0,normal,1.0,0.0,0.0,0,0,0,0,,,,,
2025-12-30T23:21:22.882837+00:00,0.0,0.0,0.0,0.0,0.0,0.0,0.0,0.0,0.0,0,0,0,0,0,0,0.0,0.0,0.0,0.0,0.0,0.0,0.0,0.0,0.0,0.0,0.0,0.0,0.0,0.0,0.0,0,0.0,0.0,0.0,0.0,0.0,0.0,0.0,0.0,0.0,0.0,0.0,0.0,0.0,0.0,0.0,0.0,0.0,0,0.0,0.0,0.0,0.0,0.0,0.0,0.0,0.0,0.0,0.0,0.0,0.0,0.0,0.0,0.0,0.0,0.0,0.0,0,0,0,0,0,0,0,0.0,0,0,0,0,0,0,0,0,0,0,0,0,0,0,0,0,0,0.0,0,0,0.0,0.0,0.0,0,0.0,1.0,0,0,0.0,0.0,0.0,0,0.0,0.0,0,0,0,0,0,0,0,0,0,0,151.1260199546814,0,0.0,0,0.0,22.84765625,0.14670987614064485,193.56015396118164,0.0,0.0,0,0,0,,0,normal,1.0,0.0,0.0,0,0,0,0,,,,,
2025-12-30T23:21:23.984310+00:00,0.0,0.0,0.0,0.0,0.0,0.0,0.0,0.0,0.0,0,0,0,0,0,0,0.0,0.0,0.0,0.0,0.0,0.0,0.0,0.0,0.0,0.0,0.0,0.0,0.0,0.0,0.0,0,0.0,0.0,0.0,0.0,0.0,0.0,0.0,0.0,0.0,0.0,0.0,0.0,0.0,0.0,0.0,0.0,0.0,0,0.0,0.0,0.0,0.0,0.0,0.0,0.0,0.0,0.0,0.0,0.0,0.0,0.0,0.0,0.0,0.0,0.0,0.0,0,0,0,0,0,0,0,0.0,0,0,0,0,0,0,0,0,0,0,0,0,0,0,0,0,0,0.0,0,0,0.0,0.0,0.0,0,0.0,1.0,0,0,0.0,0.0,0.0,0,0.0,0.0,0,0,0,0,0,0,0,0,0,0,152.2274935245514,0,0.0,0,0.0,22.84765625,0.14670987614064485,193.56015396118164,0.0,0.0,0,0,0,,0,normal,1.0,0.0,0.0,0,0,0,0,,,,,
